Order ID,Product,Quantity Ordered,Price Each,Order Date,Purchase Address
5000,AAA Batteries (4-pack),1,3,05/19/2024 00:48,"409 Main St, Los Angeles, CA 62233"
5001,Lightning Charging Cable,1,15,05/05/2024 04:51,"413 Main St, Dallas, TX 81611"
5002,USB-C Charging Cable,1,12,05/02/2024 23:11,"771 Main St, Atlanta, GA 86180"
5003,Google Phone,1,600,05/15/2024 11:18,"523 Main St, Portland, OR 94275"
5004,Wired Headphones,1,12,05/26/2024 17:21,"691 Main St, Portland, OR 10272"
5005,USB-C Charging Cable,1,12,05/20/2024 13:54,"476 Main St, Portland, OR 95866"
5006,Macbook Pro Laptop,3,1700,05/10/2024 03:11,"491 Main St, Boston, MA 60715"
5007,Bose SoundSport Headphones,1,100,05/23/2024 20:21,"568 Main St, San Francisco, CA 20702"
5008,ThinkPad Laptop,1,1000,05/27/2024 22:25,"998 Main St, San Francisco, CA 47194"
5009,Macbook Pro Laptop,1,1700,05/14/2024 18:39,"305 Main St, Seattle, WA 52055"
5010,ThinkPad Laptop,1,1000,05/26/2024 03:08,"666 Main St, Boston, MA 21886"
5011,Wired Headphones,1,12,05/15/2024 06:08,"780 Main St, Atlanta, GA 68381"
5012,ThinkPad Laptop,2,1000,05/26/2024 12:45,"673 Main St, New York, NY 19980"
5013,ThinkPad Laptop,1,1000,05/27/2024 11:52,"867 Main St, Portland, OR 55404"
5014,Google Phone,1,600,05/16/2024 17:08,"763 Main St, Boston, MA 44634"
5015,Macbook Pro Laptop,1,1700,05/11/2024 23:55,"838 Main St, San Francisco, CA 87460"
5016,iPhone,1,700,05/04/2024 13:42,"248 Main St, Boston, MA 48961"
5017,USB-C Charging Cable,1,12,05/22/2024 01:35,"820 Main St, Portland, OR 21346"
5018,Bose SoundSport Headphones,1,100,05/22/2024 12:56,"232 Main St, Dallas, TX 23864"
5019,AA Batteries (4-pack),1,4,05/09/2024 18:18,"770 Main St, San Francisco, CA 39113"
5020,ThinkPad Laptop,1,1000,05/05/2024 03:52,"565 Main St, Atlanta, GA 68048"
5021,iPhone,1,700,05/13/2024 09:18,"355 Main St, Los Angeles, CA 63604"
5022,AA Batteries (4-pack),2,4,05/09/2024 00:04,"493 Main St, Boston, MA 43769"
5023,AAA Batteries (4-pack),2,3,05/21/2024 05:08,"184 Main St, Seattle, WA 78917"
5024,Macbook Pro Laptop,1,1700,05/07/2024 21:04,"665 Main St, San Francisco, CA 13573"
5025,AAA Batteries (4-pack),1,3,05/05/2024 09:31,"255 Main St, Austin, TX 44890"
5026,Macbook Pro Laptop,1,1700,05/25/2024 04:44,"923 Main St, San Francisco, CA 50493"
5027,Lightning Charging Cable,1,15,05/18/2024 21:03,"682 Main St, Portland, OR 66415"
5028,USB-C Charging Cable,1,12,05/18/2024 15:47,"279 Main St, Atlanta, GA 74559"
5029,AAA Batteries (4-pack),1,3,05/13/2024 05:22,"825 Main St, New York, NY 22039"
5030,Lightning Charging Cable,1,15,05/23/2024 23:15,"618 Main St, Atlanta, GA 65611"
5031,iPhone,1,700,05/21/2024 22:30,"845 Main St, Dallas, TX 16235"
5032,Lightning Charging Cable,1,15,05/18/2024 10:43,"255 Main St, Portland, OR 89721"
5033,ThinkPad Laptop,1,1000,05/26/2024 21:20,"902 Main St, Portland, OR 89439"
5034,AAA Batteries (4-pack),1,3,05/12/2024 15:05,"117 Main St, Boston, MA 93209"
5035,iPhone,1,700,05/08/2024 02:36,"993 Main St, New York, NY 57637"
5036,Google Phone,1,600,05/08/2024 05:58,"214 Main St, Dallas, TX 31381"
5037,Wired Headphones,1,12,05/06/2024 00:51,"426 Main St, Dallas, TX 20229"
5038,Wired Headphones,1,12,05/03/2024 10:23,"762 Main St, New York, NY 66388"
5039,USB-C Charging Cable,1,12,05/12/2024 15:53,"343 Main St, Los Angeles, CA 87491"
5040,Wired Headphones,1,12,05/06/2024 09:03,"348 Main St, Austin, TX 14671"
5041,AAA Batteries (4-pack),1,3,05/13/2024 16:21,"451 Main St, Portland, OR 65590"
5042,AAA Batteries (4-pack),1,3,05/10/2024 00:42,"427 Main St, Dallas, TX 77865"
5043,Macbook Pro Laptop,1,1700,05/05/2024 15:57,"227 Main St, Portland, OR 47845"
5044,Google Phone,1,600,05/13/2024 06:47,"958 Main St, Atlanta, GA 67107"
5045,Bose SoundSport Headphones,1,100,05/11/2024 17:20,"496 Main St, Dallas, TX 84772"
5046,Bose SoundSport Headphones,1,100,05/03/2024 20:20,"287 Main St, Boston, MA 63324"
5047,AA Batteries (4-pack),1,4,05/14/2024 04:16,"995 Main St, New York, NY 81888"
5048,Wired Headphones,1,12,05/13/2024 03:16,"756 Main St, Portland, OR 38266"
5049,iPhone,1,700,05/05/2024 21:21,"629 Main St, Los Angeles, CA 41961"
5050,USB-C Charging Cable,1,12,05/25/2024 09:01,"988 Main St, Boston, MA 35136"
5051,AAA Batteries (4-pack),1,3,05/19/2024 05:59,"897 Main St, Boston, MA 80522"
5052,Bose SoundSport Headphones,2,100,05/01/2024 20:28,"431 Main St, Boston, MA 13328"
5053,AA Batteries (4-pack),1,4,05/22/2024 11:22,"837 Main St, Seattle, WA 13410"
5054,AA Batteries (4-pack),1,4,05/15/2024 08:03,"673 Main St, San Francisco, CA 55826"
5055,iPhone,1,700,05/16/2024 09:35,"626 Main St, San Francisco, CA 85661"
5056,Bose SoundSport Headphones,1,100,05/14/2024 14:00,"464 Main St, Atlanta, GA 44799"
5057,AAA Batteries (4-pack),3,3,05/27/2024 14:02,"174 Main St, San Francisco, CA 47624"
5058,ThinkPad Laptop,3,1000,05/17/2024 16:56,"619 Main St, Atlanta, GA 28908"
5059,iPhone,1,700,05/02/2024 08:28,"369 Main St, San Francisco, CA 42800"
5060,Lightning Charging Cable,2,15,05/04/2024 19:39,"568 Main St, New York, NY 50743"
5061,USB-C Charging Cable,1,12,05/25/2024 05:34,"674 Main St, San Francisco, CA 97740"
5062,Google Phone,1,600,05/27/2024 14:17,"825 Main St, Los Angeles, CA 77498"
5063,Google Phone,2,600,05/21/2024 16:26,"155 Main St, Austin, TX 49261"
5064,AAA Batteries (4-pack),1,3,05/17/2024 16:56,"319 Main St, Dallas, TX 32141"
5065,iPhone,1,700,05/17/2024 13:29,"644 Main St, Austin, TX 70863"
5066,AA Batteries (4-pack),1,4,05/23/2024 04:34,"282 Main St, San Francisco, CA 37090"
5067,Google Phone,1,600,05/08/2024 22:38,"880 Main St, Austin, TX 56755"
5068,Google Phone,1,600,05/15/2024 23:45,"726 Main St, Atlanta, GA 18643"
5069,Google Phone,1,600,05/26/2024 19:42,"227 Main St, Dallas, TX 47276"
5070,iPhone,3,700,05/15/2024 14:40,"179 Main St, Boston, MA 38878"
5071,Wired Headphones,1,12,05/27/2024 00:51,"515 Main St, Los Angeles, CA 97096"
5072,Bose SoundSport Headphones,1,100,05/04/2024 00:49,"479 Main St, Boston, MA 85788"
5073,AA Batteries (4-pack),2,4,05/05/2024 17:41,"685 Main St, Dallas, TX 56554"
5074,Macbook Pro Laptop,1,1700,05/16/2024 20:11,"329 Main St, Austin, TX 98490"
5075,Macbook Pro Laptop,1,1700,05/08/2024 06:58,"889 Main St, Seattle, WA 36133"
5076,ThinkPad Laptop,1,1000,05/20/2024 14:08,"822 Main St, Seattle, WA 21200"
5077,Lightning Charging Cable,1,15,05/11/2024 20:25,"569 Main St, Austin, TX 60380"
5078,Macbook Pro Laptop,1,1700,05/01/2024 08:28,"741 Main St, Portland, OR 28535"
5079,iPhone,1,700,05/08/2024 12:20,"705 Main St, Boston, MA 27129"
5080,iPhone,2,700,05/14/2024 11:49,"255 Main St, Atlanta, GA 38874"
5081,USB-C Charging Cable,1,12,05/07/2024 11:10,"853 Main St, Austin, TX 90894"
5082,Bose SoundSport Headphones,2,100,05/26/2024 07:15,"857 Main St, Atlanta, GA 31947"
5083,Google Phone,1,600,05/06/2024 13:46,"566 Main St, San Francisco, CA 69885"
5084,Bose SoundSport Headphones,1,100,05/26/2024 13:10,"182 Main St, Seattle, WA 32680"
5085,Google Phone,1,600,05/23/2024 20:05,"388 Main St, Seattle, WA 91013"
5086,Lightning Charging Cable,1,15,05/18/2024 12:05,"368 Main St, Portland, OR 50766"
5087,ThinkPad Laptop,1,1000,05/20/2024 09:24,"635 Main St, Los Angeles, CA 99249"
5088,ThinkPad Laptop,1,1000,05/25/2024 13:26,"831 Main St, Portland, OR 94413"
5089,AA Batteries (4-pack),1,4,05/14/2024 09:24,"815 Main St, Seattle, WA 93932"
5090,AA Batteries (4-pack),2,4,05/15/2024 23:05,"837 Main St, Los Angeles, CA 36037"
5091,Google Phone,1,600,05/07/2024 16:25,"979 Main St, Seattle, WA 11106"
5092,iPhone,2,700,05/05/2024 23:10,"324 Main St, Seattle, WA 56166"
5093,Lightning Charging Cable,1,15,05/03/2024 02:47,"614 Main St, Portland, OR 83045"
5094,USB-C Charging Cable,1,12,05/24/2024 13:57,"711 Main St, New York, NY 34682"
5095,USB-C Charging Cable,3,12,05/26/2024 13:25,"560 Main St, Atlanta, GA 29292"
5096,USB-C Charging Cable,1,12,05/13/2024 23:03,"321 Main St, Atlanta, GA 91393"
5097,Bose SoundSport Headphones,1,100,05/14/2024 08:20,"846 Main St, Seattle, WA 28703"
5098,iPhone,2,700,05/03/2024 02:09,"404 Main St, Boston, MA 61059"
5099,AA Batteries (4-pack),1,4,05/22/2024 06:04,"597 Main St, Atlanta, GA 88193"
5100,Google Phone,1,600,05/13/2024 13:09,"251 Main St, Portland, OR 85107"
5101,AA Batteries (4-pack),1,4,05/28/2024 17:12,"102 Main St, Dallas, TX 46254"
5102,AAA Batteries (4-pack),1,3,05/04/2024 16:42,"226 Main St, New York, NY 75850"
5103,iPhone,1,700,05/20/2024 10:31,"771 Main St, Boston, MA 81692"
5104,Google Phone,1,600,05/06/2024 03:47,"680 Main St, Los Angeles, CA 77135"
5105,Bose SoundSport Headphones,1,100,05/08/2024 18:22,"700 Main St, Boston, MA 73274"
5106,AAA Batteries (4-pack),1,3,05/17/2024 05:57,"923 Main St, Seattle, WA 46713"
5107,AAA Batteries (4-pack),1,3,05/26/2024 13:34,"304 Main St, New York, NY 29591"
5108,Wired Headphones,1,12,05/28/2024 15:59,"853 Main St, Dallas, TX 18644"
5109,ThinkPad Laptop,1,1000,05/26/2024 21:00,"301 Main St, Seattle, WA 28717"
5110,Bose SoundSport Headphones,1,100,05/11/2024 23:25,"497 Main St, Portland, OR 58180"
5111,Google Phone,2,600,05/01/2024 20:28,"878 Main St, Boston, MA 39778"
5112,AA Batteries (4-pack),1,4,05/21/2024 23:49,"675 Main St, Portland, OR 33469"
5113,USB-C Charging Cable,1,12,05/18/2024 22:13,"334 Main St, Portland, OR 51953"
5114,Bose SoundSport Headphones,1,100,05/27/2024 14:46,"868 Main St, Austin, TX 91610"
5115,Google Phone,1,600,05/17/2024 06:10,"624 Main St, Dallas, TX 23719"
5116,Macbook Pro Laptop,1,1700,05/12/2024 07:12,"366 Main St, Seattle, WA 14403"
5117,Lightning Charging Cable,1,15,05/18/2024 00:10,"155 Main St, Atlanta, GA 26899"
5118,Wired Headphones,1,12,05/25/2024 09:35,"863 Main St, Dallas, TX 58197"
5119,AA Batteries (4-pack),1,4,05/17/2024 23:49,"116 Main St, Boston, MA 79508"
5120,USB-C Charging Cable,1,12,05/10/2024 22:59,"486 Main St, San Francisco, CA 59587"
5121,ThinkPad Laptop,1,1000,05/23/2024 05:40,"451 Main St, Seattle, WA 78038"
5122,USB-C Charging Cable,1,12,05/25/2024 07:11,"174 Main St, Dallas, TX 25210"
5123,Lightning Charging Cable,1,15,05/24/2024 01:49,"931 Main St, Boston, MA 90435"
5124,AAA Batteries (4-pack),1,3,05/15/2024 20:40,"784 Main St, Atlanta, GA 63712"
5125,Bose SoundSport Headphones,2,100,05/21/2024 22:19,"158 Main St, Los Angeles, CA 79016"
5126,Bose SoundSport Headphones,1,100,05/05/2024 01:57,"290 Main St, New York, NY 29133"
5127,Macbook Pro Laptop,1,1700,05/18/2024 12:07,"842 Main St, Portland, OR 42621"
5128,USB-C Charging Cable,1,12,05/05/2024 21:23,"295 Main St, Seattle, WA 89234"
5129,Google Phone,1,600,05/15/2024 09:23,"767 Main St, Portland, OR 43973"
5130,iPhone,2,700,05/11/2024 16:47,"463 Main St, Austin, TX 85993"
5131,Macbook Pro Laptop,2,1700,05/04/2024 18:08,"216 Main St, Boston, MA 50562"
5132,AAA Batteries (4-pack),1,3,05/17/2024 19:57,"379 Main St, Los Angeles, CA 54860"
5133,AAA Batteries (4-pack),1,3,05/08/2024 22:20,"405 Main St, New York, NY 79232"
5134,AAA Batteries (4-pack),1,3,05/23/2024 15:45,"975 Main St, Atlanta, GA 49931"
5135,AA Batteries (4-pack),1,4,05/24/2024 02:58,"292 Main St, Dallas, TX 59288"
5136,iPhone,1,700,05/20/2024 15:40,"177 Main St, Dallas, TX 29122"
5137,USB-C Charging Cable,1,12,05/20/2024 20:20,"446 Main St, Los Angeles, CA 81382"
5138,Lightning Charging Cable,1,15,05/14/2024 09:09,"438 Main St, Seattle, WA 60195"
5139,Lightning Charging Cable,1,15,05/14/2024 15:12,"540 Main St, Los Angeles, CA 63337"
5140,ThinkPad Laptop,1,1000,05/03/2024 04:34,"524 Main St, Atlanta, GA 69531"
5141,Wired Headphones,1,12,05/11/2024 10:28,"476 Main St, Atlanta, GA 94589"
5142,iPhone,1,700,05/21/2024 05:06,"428 Main St, Dallas, TX 76048"
5143,AA Batteries (4-pack),1,4,05/26/2024 21:08,"983 Main St, Portland, OR 71183"
5144,AAA Batteries (4-pack),1,3,05/25/2024 03:08,"236 Main St, Seattle, WA 81044"
5145,USB-C Charging Cable,1,12,05/15/2024 00:43,"260 Main St, New York, NY 89856"
5146,ThinkPad Laptop,1,1000,05/03/2024 08:06,"409 Main St, Dallas, TX 26320"
5147,USB-C Charging Cable,1,12,05/18/2024 06:47,"879 Main St, Dallas, TX 31836"
5148,Google Phone,1,600,05/05/2024 07:40,"720 Main St, Boston, MA 36800"
5149,AAA Batteries (4-pack),1,3,05/10/2024 02:32,"161 Main St, Boston, MA 93647"
5150,Lightning Charging Cable,1,15,05/04/2024 03:16,"853 Main St, Seattle, WA 30333"
5151,ThinkPad Laptop,1,1000,05/26/2024 22:32,"226 Main St, Seattle, WA 76360"
5152,ThinkPad Laptop,1,1000,05/05/2024 00:02,"609 Main St, San Francisco, CA 77968"
5153,Macbook Pro Laptop,1,1700,05/12/2024 07:36,"370 Main St, Boston, MA 29553"
5154,Wired Headphones,2,12,05/21/2024 00:04,"764 Main St, Austin, TX 83970"
5155,Bose SoundSport Headphones,1,100,05/22/2024 20:20,"864 Main St, Atlanta, GA 83888"
5156,USB-C Charging Cable,1,12,05/01/2024 02:47,"786 Main St, Portland, OR 23260"
5157,USB-C Charging Cable,1,12,05/04/2024 06:15,"871 Main St, Portland, OR 80471"
5158,Bose SoundSport Headphones,1,100,05/02/2024 17:16,"838 Main St, Los Angeles, CA 71417"
5159,USB-C Charging Cable,1,12,05/16/2024 23:29,"394 Main St, New York, NY 11348"
5160,Macbook Pro Laptop,1,1700,05/24/2024 19:10,"350 Main St, Seattle, WA 48599"
5161,Bose SoundSport Headphones,1,100,05/07/2024 07:15,"282 Main St, Boston, MA 37694"
5162,AAA Batteries (4-pack),1,3,05/12/2024 15:13,"875 Main St, Portland, OR 91266"
5163,USB-C Charging Cable,1,12,05/25/2024 00:27,"684 Main St, New York, NY 62283"
5164,Bose SoundSport Headphones,1,100,05/20/2024 07:30,"584 Main St, Austin, TX 62944"
5165,iPhone,1,700,05/10/2024 11:26,"713 Main St, Boston, MA 69593"
5166,AAA Batteries (4-pack),2,3,05/20/2024 09:15,"181 Main St, Los Angeles, CA 63450"
5167,AA Batteries (4-pack),1,4,05/07/2024 13:48,"466 Main St, San Francisco, CA 11462"
5168,AA Batteries (4-pack),1,4,05/07/2024 07:53,"184 Main St, Atlanta, GA 72790"
5169,Wired Headphones,1,12,05/22/2024 02:27,"304 Main St, Seattle, WA 27800"
5170,ThinkPad Laptop,1,1000,05/02/2024 09:01,"431 Main St, Dallas, TX 97383"
5171,Google Phone,1,600,05/21/2024 20:32,"618 Main St, San Francisco, CA 89466"
5172,Macbook Pro Laptop,1,1700,05/05/2024 22:25,"906 Main St, Los Angeles, CA 64224"
5173,AA Batteries (4-pack),1,4,05/07/2024 12:00,"808 Main St, Dallas, TX 10956"
5174,Bose SoundSport Headphones,1,100,05/28/2024 15:57,"883 Main St, Austin, TX 85659"
5175,Bose SoundSport Headphones,1,100,05/22/2024 18:30,"633 Main St, Portland, OR 14775"
5176,AA Batteries (4-pack),1,4,05/16/2024 02:17,"971 Main St, Atlanta, GA 76149"
5177,AAA Batteries (4-pack),3,3,05/14/2024 10:38,"532 Main St, Portland, OR 89527"
5178,Wired Headphones,2,12,05/06/2024 02:20,"565 Main St, San Francisco, CA 40979"
5179,Wired Headphones,1,12,05/12/2024 14:29,"505 Main St, Portland, OR 56491"
5180,iPhone,1,700,05/23/2024 13:01,"607 Main St, Dallas, TX 89233"
5181,ThinkPad Laptop,1,1000,05/22/2024 03:47,"619 Main St, Boston, MA 38516"
5182,Bose SoundSport Headphones,1,100,05/07/2024 21:47,"433 Main St, Austin, TX 95064"
5183,AA Batteries (4-pack),1,4,05/17/2024 03:37,"624 Main St, Portland, OR 46527"
5184,Google Phone,1,600,05/14/2024 11:32,"190 Main St, Austin, TX 97815"
5185,Macbook Pro Laptop,1,1700,05/17/2024 01:05,"791 Main St, New York, NY 36594"
5186,AA Batteries (4-pack),1,4,05/17/2024 04:15,"759 Main St, Portland, OR 56026"
5187,USB-C Charging Cable,2,12,05/12/2024 06:39,"692 Main St, Portland, OR 35920"
5188,ThinkPad Laptop,1,1000,05/11/2024 19:29,"441 Main St, San Francisco, CA 10350"
5189,AA Batteries (4-pack),3,4,05/04/2024 20:58,"645 Main St, New York, NY 91800"
5190,AAA Batteries (4-pack),1,3,05/16/2024 09:17,"376 Main St, Boston, MA 52647"
5191,ThinkPad Laptop,1,1000,05/19/2024 23:24,"316 Main St, Atlanta, GA 60770"
5192,Macbook Pro Laptop,2,1700,05/01/2024 02:26,"270 Main St, Dallas, TX 77265"
5193,Macbook Pro Laptop,1,1700,05/08/2024 06:25,"959 Main St, Portland, OR 73432"
5194,Lightning Charging Cable,1,15,05/27/2024 18:48,"751 Main St, New York, NY 67350"
5195,AA Batteries (4-pack),1,4,05/08/2024 18:11,"334 Main St, San Francisco, CA 63492"
5196,AAA Batteries (4-pack),1,3,05/21/2024 07:17,"640 Main St, San Francisco, CA 78571"
5197,Macbook Pro Laptop,1,1700,05/28/2024 08:35,"954 Main St, New York, NY 28573"
5198,Bose SoundSport Headphones,1,100,05/09/2024 08:39,"491 Main St, San Francisco, CA 12391"
5199,ThinkPad Laptop,1,1000,05/16/2024 23:15,"512 Main St, Los Angeles, CA 49371"
5200,ThinkPad Laptop,1,1000,05/22/2024 11:37,"592 Main St, Portland, OR 41683"
5201,AAA Batteries (4-pack),1,3,05/14/2024 19:28,"304 Main St, Portland, OR 31903"
5202,AAA Batteries (4-pack),1,3,05/07/2024 08:18,"452 Main St, Portland, OR 49311"
5203,Macbook Pro Laptop,1,1700,05/19/2024 19:03,"641 Main St, Dallas, TX 15084"
5204,AA Batteries (4-pack),1,4,05/17/2024 05:13,"659 Main St, Atlanta, GA 45654"
5205,AA Batteries (4-pack),1,4,05/12/2024 03:59,"928 Main St, Seattle, WA 84648"
5206,Bose SoundSport Headphones,2,100,05/22/2024 09:41,"146 Main St, Seattle, WA 39412"
5207,Lightning Charging Cable,2,15,05/09/2024 03:46,"930 Main St, Portland, OR 25206"
5208,USB-C Charging Cable,1,12,05/10/2024 05:42,"297 Main St, Dallas, TX 67321"
5209,Wired Headphones,1,12,05/07/2024 06:14,"750 Main St, Dallas, TX 50918"
5210,iPhone,1,700,05/09/2024 09:24,"998 Main St, Atlanta, GA 51916"
5211,Google Phone,1,600,05/25/2024 11:24,"555 Main St, San Francisco, CA 51042"
5212,ThinkPad Laptop,1,1000,05/21/2024 07:03,"472 Main St, Portland, OR 91292"
5213,Google Phone,3,600,05/11/2024 07:23,"289 Main St, New York, NY 63592"
5214,USB-C Charging Cable,1,12,05/21/2024 05:47,"193 Main St, Portland, OR 32591"
5215,Bose SoundSport Headphones,1,100,05/15/2024 13:26,"138 Main St, Austin, TX 19456"
5216,Macbook Pro Laptop,1,1700,05/19/2024 15:00,"611 Main St, San Francisco, CA 45230"
5217,USB-C Charging Cable,2,12,05/09/2024 21:29,"727 Main St, Boston, MA 27602"
5218,Macbook Pro Laptop,1,1700,05/27/2024 03:52,"200 Main St, Los Angeles, CA 26053"
5219,USB-C Charging Cable,1,12,05/19/2024 23:07,"583 Main St, San Francisco, CA 64362"
5220,Wired Headphones,2,12,05/24/2024 01:40,"994 Main St, New York, NY 75451"
5221,Macbook Pro Laptop,1,1700,05/18/2024 01:42,"831 Main St, New York, NY 87797"
5222,USB-C Charging Cable,1,12,05/13/2024 14:35,"442 Main St, Dallas, TX 62252"
5223,Bose SoundSport Headphones,1,100,05/17/2024 05:37,"546 Main St, Portland, OR 93264"
5224,iPhone,1,700,05/09/2024 20:32,"129 Main St, Austin, TX 53754"
5225,Macbook Pro Laptop,1,1700,05/21/2024 07:54,"649 Main St, Los Angeles, CA 28477"
5226,Lightning Charging Cable,1,15,05/22/2024 13:14,"681 Main St, Atlanta, GA 61979"
5227,ThinkPad Laptop,1,1000,05/08/2024 09:12,"321 Main St, Austin, TX 29633"
5228,iPhone,1,700,05/26/2024 13:06,"331 Main St, New York, NY 51138"
5229,Macbook Pro Laptop,1,1700,05/12/2024 19:57,"827 Main St, Portland, OR 92298"
5230,USB-C Charging Cable,1,12,05/03/2024 15:38,"553 Main St, Boston, MA 43992"
5231,Lightning Charging Cable,2,15,05/18/2024 22:55,"318 Main St, Austin, TX 87142"
5232,Macbook Pro Laptop,1,1700,05/20/2024 17:32,"813 Main St, New York, NY 14853"
5233,Wired Headphones,1,12,05/17/2024 23:56,"447 Main St, San Francisco, CA 86189"
5234,AA Batteries (4-pack),1,4,05/28/2024 01:37,"384 Main St, New York, NY 16685"
5235,Google Phone,1,600,05/26/2024 10:40,"506 Main St, New York, NY 17868"
5236,Macbook Pro Laptop,1,1700,05/16/2024 03:42,"810 Main St, Seattle, WA 49952"
5237,Wired Headphones,1,12,05/10/2024 20:42,"801 Main St, Boston, MA 53686"
5238,Macbook Pro Laptop,1,1700,05/05/2024 14:35,"257 Main St, Portland, OR 47575"
5239,Macbook Pro Laptop,1,1700,05/02/2024 19:32,"427 Main St, Dallas, TX 94669"
5240,Wired Headphones,1,12,05/15/2024 18:53,"235 Main St, New York, NY 73531"
5241,AAA Batteries (4-pack),1,3,05/17/2024 06:14,"307 Main St, Dallas, TX 81782"
5242,iPhone,2,700,05/20/2024 15:52,"931 Main St, New York, NY 20926"
5243,Bose SoundSport Headphones,1,100,05/23/2024 03:32,"590 Main St, San Francisco, CA 99693"
5244,AAA Batteries (4-pack),1,3,05/16/2024 04:22,"926 Main St, Seattle, WA 85785"
5245,Bose SoundSport Headphones,3,100,05/26/2024 09:19,"478 Main St, Dallas, TX 36070"
5246,iPhone,2,700,05/17/2024 20:04,"648 Main St, Boston, MA 74197"
5247,Bose SoundSport Headphones,1,100,05/11/2024 10:19,"983 Main St, Austin, TX 26280"
5248,Wired Headphones,1,12,05/05/2024 12:43,"126 Main St, New York, NY 41830"
5249,Macbook Pro Laptop,2,1700,05/09/2024 07:19,"834 Main St, Los Angeles, CA 81354"
5250,iPhone,1,700,05/16/2024 03:30,"338 Main St, Seattle, WA 30795"
5251,AA Batteries (4-pack),1,4,05/09/2024 18:35,"688 Main St, Atlanta, GA 49785"
5252,iPhone,1,700,05/07/2024 07:39,"601 Main St, New York, NY 15480"
5253,Bose SoundSport Headphones,2,100,05/21/2024 19:56,"889 Main St, Boston, MA 44227"
5254,Google Phone,1,600,05/03/2024 19:29,"482 Main St, Boston, MA 90680"
5255,AA Batteries (4-pack),1,4,05/23/2024 04:47,"785 Main St, Los Angeles, CA 37795"
5256,Google Phone,1,600,05/11/2024 16:21,"193 Main St, Austin, TX 28574"
5257,USB-C Charging Cable,1,12,05/23/2024 07:24,"424 Main St, Portland, OR 25021"
5258,Google Phone,1,600,05/03/2024 00:49,"309 Main St, Austin, TX 88347"
5259,iPhone,1,700,05/13/2024 20:38,"594 Main St, Atlanta, GA 94586"
5260,AA Batteries (4-pack),1,4,05/06/2024 14:08,"697 Main St, Portland, OR 63938"
5261,AA Batteries (4-pack),1,4,05/09/2024 05:30,"799 Main St, Portland, OR 40033"
5262,Wired Headphones,1,12,05/13/2024 04:45,"285 Main St, Atlanta, GA 85640"
5263,ThinkPad Laptop,1,1000,05/22/2024 20:31,"626 Main St, New York, NY 63230"
5264,AAA Batteries (4-pack),2,3,05/02/2024 02:27,"817 Main St, Portland, OR 98933"
5265,Google Phone,1,600,05/22/2024 14:28,"359 Main St, Los Angeles, CA 33014"
5266,Lightning Charging Cable,1,15,05/23/2024 18:13,"583 Main St, Los Angeles, CA 32523"
5267,Lightning Charging Cable,1,15,05/14/2024 22:28,"626 Main St, Portland, OR 11131"
5268,Bose SoundSport Headphones,1,100,05/23/2024 05:04,"640 Main St, Dallas, TX 79005"
5269,Wired Headphones,1,12,05/07/2024 07:55,"324 Main St, Boston, MA 60259"
5270,AA Batteries (4-pack),1,4,05/20/2024 21:48,"714 Main St, Seattle, WA 87755"
5271,Bose SoundSport Headphones,1,100,05/24/2024 12:19,"966 Main St, Boston, MA 53727"
5272,USB-C Charging Cable,1,12,05/04/2024 00:03,"902 Main St, Dallas, TX 69559"
5273,Bose SoundSport Headphones,1,100,05/14/2024 08:01,"381 Main St, Dallas, TX 66783"
5274,Google Phone,1,600,05/12/2024 13:26,"141 Main St, Seattle, WA 31581"
5275,Lightning Charging Cable,1,15,05/27/2024 02:01,"151 Main St, Austin, TX 31228"
5276,iPhone,1,700,05/13/2024 21:39,"624 Main St, Los Angeles, CA 38422"
5277,Macbook Pro Laptop,1,1700,05/08/2024 12:01,"813 Main St, New York, NY 67191"
5278,Macbook Pro Laptop,1,1700,05/09/2024 14:33,"951 Main St, Seattle, WA 39499"
5279,Macbook Pro Laptop,1,1700,05/13/2024 22:01,"971 Main St, Boston, MA 62599"
5280,Google Phone,1,600,05/03/2024 16:00,"172 Main St, Los Angeles, CA 59056"
5281,AA Batteries (4-pack),1,4,05/05/2024 13:33,"468 Main St, New York, NY 27244"
5282,Macbook Pro Laptop,2,1700,05/05/2024 03:33,"247 Main St, Portland, OR 42659"
5283,Wired Headphones,1,12,05/19/2024 06:12,"478 Main St, Atlanta, GA 22721"
5284,Lightning Charging Cable,1,15,05/02/2024 22:43,"692 Main St, Dallas, TX 21192"
5285,Bose SoundSport Headphones,1,100,05/11/2024 13:02,"857 Main St, Seattle, WA 21914"
5286,Google Phone,1,600,05/17/2024 04:12,"442 Main St, New York, NY 80432"
5287,Lightning Charging Cable,1,15,05/26/2024 05:40,"511 Main St, Atlanta, GA 70373"
5288,AAA Batteries (4-pack),1,3,05/27/2024 07:07,"481 Main St, Dallas, TX 12730"
5289,Bose SoundSport Headphones,1,100,05/27/2024 07:11,"313 Main St, Atlanta, GA 78866"
5290,Lightning Charging Cable,1,15,05/06/2024 03:26,"464 Main St, Atlanta, GA 74638"
5291,Wired Headphones,1,12,05/10/2024 02:08,"277 Main St, Austin, TX 51432"
5292,USB-C Charging Cable,1,12,05/11/2024 15:27,"353 Main St, Atlanta, GA 43023"
5293,USB-C Charging Cable,1,12,05/19/2024 07:49,"411 Main St, Austin, TX 41456"
5294,Lightning Charging Cable,1,15,05/19/2024 07:20,"393 Main St, Austin, TX 23003"
5295,AAA Batteries (4-pack),1,3,05/21/2024 03:31,"673 Main St, Atlanta, GA 77639"
5296,iPhone,1,700,05/03/2024 17:06,"799 Main St, San Francisco, CA 16019"
5297,Lightning Charging Cable,1,15,05/26/2024 05:57,"542 Main St, Seattle, WA 45914"
5298,Wired Headphones,1,12,05/25/2024 22:52,"928 Main St, Dallas, TX 65663"
5299,Google Phone,1,600,05/23/2024 16:10,"135 Main St, Los Angeles, CA 26751"
5300,Lightning Charging Cable,1,15,05/10/2024 09:51,"610 Main St, New York, NY 67467"
5301,iPhone,1,700,05/16/2024 22:57,"267 Main St, Portland, OR 67253"
5302,Bose SoundSport Headphones,1,100,05/22/2024 16:04,"250 Main St, Austin, TX 13958"
5303,iPhone,2,700,05/08/2024 00:26,"125 Main St, Portland, OR 84546"
5304,Wired Headphones,1,12,05/08/2024 09:49,"188 Main St, Austin, TX 49552"
5305,Google Phone,1,600,05/04/2024 09:44,"814 Main St, Portland, OR 77153"
5306,iPhone,1,700,05/18/2024 14:01,"949 Main St, Atlanta, GA 65418"
5307,ThinkPad Laptop,1,1000,05/18/2024 21:13,"478 Main St, New York, NY 41872"
5308,USB-C Charging Cable,1,12,05/28/2024 07:19,"842 Main St, Atlanta, GA 19985"
5309,AA Batteries (4-pack),1,4,05/21/2024 03:46,"939 Main St, Atlanta, GA 43631"
5310,AA Batteries (4-pack),1,4,05/27/2024 07:53,"114 Main St, Seattle, WA 83594"
5311,Google Phone,1,600,05/19/2024 10:25,"795 Main St, Seattle, WA 99375"
5312,Macbook Pro Laptop,1,1700,05/10/2024 23:20,"617 Main St, New York, NY 48483"
5313,USB-C Charging Cable,1,12,05/01/2024 22:18,"593 Main St, San Francisco, CA 14325"
5314,Lightning Charging Cable,1,15,05/24/2024 07:33,"332 Main St, Los Angeles, CA 46326"
5315,iPhone,1,700,05/07/2024 08:14,"539 Main St, Austin, TX 59727"
5316,Bose SoundSport Headphones,1,100,05/08/2024 20:32,"676 Main St, San Francisco, CA 70043"
5317,Bose SoundSport Headphones,3,100,05/27/2024 11:44,"767 Main St, Boston, MA 92006"
5318,AA Batteries (4-pack),1,4,05/26/2024 23:16,"927 Main St, New York, NY 44142"
5319,Bose SoundSport Headphones,1,100,05/27/2024 02:49,"717 Main St, Dallas, TX 59622"
5320,Macbook Pro Laptop,2,1700,05/20/2024 02:32,"477 Main St, Portland, OR 59672"
5321,Lightning Charging Cable,1,15,05/16/2024 05:52,"541 Main St, Portland, OR 28463"
5322,iPhone,1,700,05/28/2024 00:07,"516 Main St, Boston, MA 87845"
5323,Bose SoundSport Headphones,1,100,05/13/2024 11:30,"381 Main St, Atlanta, GA 77968"
5324,Google Phone,1,600,05/04/2024 19:30,"836 Main St, Austin, TX 30819"
5325,ThinkPad Laptop,1,1000,05/04/2024 09:23,"703 Main St, Atlanta, GA 15119"
5326,Lightning Charging Cable,1,15,05/08/2024 00:21,"216 Main St, Seattle, WA 53334"
5327,Lightning Charging Cable,1,15,05/17/2024 11:34,"773 Main St, Seattle, WA 39549"
5328,Wired Headphones,2,12,05/21/2024 08:55,"235 Main St, San Francisco, CA 83219"
5329,AA Batteries (4-pack),1,4,05/18/2024 06:40,"468 Main St, New York, NY 19690"
5330,Google Phone,2,600,05/15/2024 00:03,"903 Main St, Seattle, WA 88666"
5331,ThinkPad Laptop,1,1000,05/26/2024 06:12,"679 Main St, Los Angeles, CA 26361"
5332,AAA Batteries (4-pack),1,3,05/18/2024 08:58,"813 Main St, Seattle, WA 85840"
5333,AAA Batteries (4-pack),1,3,05/15/2024 03:37,"866 Main St, Portland, OR 27802"
5334,Macbook Pro Laptop,2,1700,05/19/2024 12:17,"614 Main St, Los Angeles, CA 44087"
5335,Macbook Pro Laptop,1,1700,05/26/2024 14:30,"405 Main St, San Francisco, CA 97570"
5336,Lightning Charging Cable,1,15,05/06/2024 11:30,"177 Main St, San Francisco, CA 48793"
5337,Google Phone,1,600,05/11/2024 11:31,"723 Main St, Austin, TX 61918"
5338,Lightning Charging Cable,1,15,05/05/2024 16:26,"333 Main St, Portland, OR 87455"
5339,iPhone,1,700,05/05/2024 16:39,"652 Main St, Dallas, TX 34451"
5340,Wired Headphones,2,12,05/07/2024 09:46,"951 Main St, Seattle, WA 54654"
5341,Google Phone,1,600,05/03/2024 12:58,"744 Main St, Dallas, TX 71824"
5342,Lightning Charging Cable,1,15,05/07/2024 20:51,"183 Main St, Boston, MA 14795"
5343,Macbook Pro Laptop,2,1700,05/14/2024 09:02,"609 Main St, Austin, TX 82992"
5344,AA Batteries (4-pack),1,4,05/06/2024 21:45,"607 Main St, Seattle, WA 42732"
5345,Google Phone,2,600,05/08/2024 11:27,"396 Main St, Seattle, WA 47056"
5346,Google Phone,1,600,05/22/2024 04:02,"428 Main St, Los Angeles, CA 61536"
5347,iPhone,1,700,05/07/2024 06:30,"454 Main St, Los Angeles, CA 70899"
5348,iPhone,1,700,05/14/2024 00:10,"627 Main St, Portland, OR 32630"
5349,Wired Headphones,1,12,05/01/2024 04:45,"718 Main St, Austin, TX 91893"
5350,AAA Batteries (4-pack),1,3,05/10/2024 04:17,"924 Main St, San Francisco, CA 52151"
5351,Wired Headphones,1,12,05/13/2024 03:04,"155 Main St, Boston, MA 13242"
5352,Wired Headphones,1,12,05/20/2024 04:17,"538 Main St, Dallas, TX 71696"
5353,AAA Batteries (4-pack),1,3,05/20/2024 03:05,"275 Main St, San Francisco, CA 80579"
5354,Lightning Charging Cable,1,15,05/22/2024 15:55,"436 Main St, Atlanta, GA 28204"
5355,Macbook Pro Laptop,1,1700,05/02/2024 18:35,"516 Main St, Austin, TX 71975"
5356,USB-C Charging Cable,1,12,05/15/2024 08:03,"304 Main St, Seattle, WA 54750"
5357,Google Phone,1,600,05/19/2024 17:47,"485 Main St, Dallas, TX 41144"
5358,Lightning Charging Cable,1,15,05/10/2024 23:16,"586 Main St, Boston, MA 32298"
5359,Macbook Pro Laptop,1,1700,05/18/2024 17:17,"106 Main St, Austin, TX 68499"
5360,AA Batteries (4-pack),1,4,05/11/2024 06:11,"424 Main St, Austin, TX 14145"
5361,USB-C Charging Cable,1,12,05/25/2024 12:02,"297 Main St, New York, NY 81019"
5362,AA Batteries (4-pack),1,4,05/25/2024 12:59,"648 Main St, Portland, OR 18850"
5363,USB-C Charging Cable,1,12,05/24/2024 21:49,"315 Main St, Austin, TX 98161"
5364,AAA Batteries (4-pack),1,3,05/27/2024 11:18,"672 Main St, Los Angeles, CA 55008"
5365,AA Batteries (4-pack),1,4,05/21/2024 08:22,"540 Main St, New York, NY 69166"
5366,USB-C Charging Cable,2,12,05/25/2024 03:05,"514 Main St, New York, NY 90742"
5367,iPhone,1,700,05/27/2024 09:34,"275 Main St, Austin, TX 89782"
5368,ThinkPad Laptop,1,1000,05/25/2024 21:45,"421 Main St, Boston, MA 54954"
5369,iPhone,1,700,05/05/2024 12:24,"685 Main St, Austin, TX 28101"
5370,AAA Batteries (4-pack),1,3,05/28/2024 09:52,"499 Main St, Portland, OR 29291"
5371,iPhone,1,700,05/23/2024 12:28,"167 Main St, Seattle, WA 90709"
5372,AAA Batteries (4-pack),1,3,05/02/2024 19:39,"818 Main St, San Francisco, CA 78662"
5373,Macbook Pro Laptop,1,1700,05/12/2024 10:57,"924 Main St, Boston, MA 16238"
5374,AAA Batteries (4-pack),1,3,05/26/2024 04:35,"933 Main St, San Francisco, CA 31437"
5375,Wired Headphones,1,12,05/22/2024 18:03,"220 Main St, San Francisco, CA 18162"
5376,AA Batteries (4-pack),1,4,05/20/2024 15:51,"272 Main St, Seattle, WA 22887"
5377,Lightning Charging Cable,1,15,05/19/2024 11:43,"102 Main St, Boston, MA 64544"
5378,Lightning Charging Cable,1,15,05/07/2024 02:55,"549 Main St, Los Angeles, CA 68424"
5379,Wired Headphones,1,12,05/17/2024 20:41,"177 Main St, Los Angeles, CA 37255"
5380,ThinkPad Laptop,1,1000,05/06/2024 15:11,"759 Main St, Portland, OR 52197"
5381,Bose SoundSport Headphones,1,100,05/15/2024 15:54,"703 Main St, Boston, MA 35944"
5382,Macbook Pro Laptop,1,1700,05/11/2024 04:04,"300 Main St, Portland, OR 76854"
5383,Google Phone,2,600,05/08/2024 01:03,"624 Main St, New York, NY 87567"
5384,AAA Batteries (4-pack),1,3,05/26/2024 02:16,"907 Main St, Portland, OR 62579"
5385,Google Phone,1,600,05/28/2024 06:16,"658 Main St, New York, NY 92909"
5386,Google Phone,1,600,05/22/2024 06:30,"742 Main St, Boston, MA 74482"
5387,USB-C Charging Cable,1,12,05/13/2024 08:32,"263 Main St, Los Angeles, CA 94033"
5388,Wired Headphones,1,12,05/27/2024 11:14,"335 Main St, Austin, TX 91008"
5389,USB-C Charging Cable,1,12,05/20/2024 14:57,"834 Main St, New York, NY 83850"
5390,Lightning Charging Cable,1,15,05/27/2024 18:16,"969 Main St, Portland, OR 52663"
5391,USB-C Charging Cable,1,12,05/02/2024 22:50,"877 Main St, San Francisco, CA 56733"
5392,Lightning Charging Cable,1,15,05/26/2024 05:35,"617 Main St, Austin, TX 32257"
5393,iPhone,1,700,05/10/2024 02:17,"623 Main St, Seattle, WA 71054"
5394,AAA Batteries (4-pack),1,3,05/25/2024 22:36,"462 Main St, Atlanta, GA 68396"
5395,Macbook Pro Laptop,1,1700,05/28/2024 16:56,"328 Main St, San Francisco, CA 51246"
5396,AA Batteries (4-pack),1,4,05/28/2024 15:39,"606 Main St, Seattle, WA 24416"
5397,Bose SoundSport Headphones,1,100,05/24/2024 10:35,"179 Main St, Atlanta, GA 92487"
5398,iPhone,1,700,05/04/2024 17:42,"985 Main St, Seattle, WA 96890"
5399,Bose SoundSport Headphones,1,100,05/08/2024 17:49,"701 Main St, Boston, MA 53651"
5400,AA Batteries (4-pack),1,4,05/23/2024 02:44,"987 Main St, New York, NY 47521"
5401,Wired Headphones,1,12,05/17/2024 19:59,"597 Main St, Atlanta, GA 81451"
5402,AA Batteries (4-pack),1,4,05/11/2024 20:32,"820 Main St, Dallas, TX 17004"
5403,Lightning Charging Cable,1,15,05/04/2024 23:24,"582 Main St, San Francisco, CA 76296"
5404,Google Phone,1,600,05/27/2024 07:11,"332 Main St, Los Angeles, CA 40216"
5405,Macbook Pro Laptop,1,1700,05/06/2024 22:14,"363 Main St, Seattle, WA 67312"
5406,Lightning Charging Cable,1,15,05/06/2024 19:50,"907 Main St, Boston, MA 25288"
5407,AAA Batteries (4-pack),2,3,05/11/2024 08:51,"712 Main St, Portland, OR 62594"
5408,Wired Headphones,1,12,05/23/2024 07:04,"151 Main St, Seattle, WA 32747"
5409,Wired Headphones,1,12,05/16/2024 06:32,"270 Main St, Portland, OR 60983"
5410,Bose SoundSport Headphones,1,100,05/20/2024 23:26,"550 Main St, San Francisco, CA 28691"
5411,Macbook Pro Laptop,1,1700,05/02/2024 04:19,"140 Main St, Austin, TX 27328"
5412,Lightning Charging Cable,1,15,05/03/2024 14:00,"158 Main St, Los Angeles, CA 47553"
5413,AAA Batteries (4-pack),1,3,05/27/2024 05:55,"205 Main St, Austin, TX 79280"
5414,ThinkPad Laptop,1,1000,05/01/2024 09:44,"366 Main St, San Francisco, CA 24196"
5415,Macbook Pro Laptop,1,1700,05/02/2024 17:12,"185 Main St, New York, NY 97953"
5416,USB-C Charging Cable,2,12,05/10/2024 03:45,"464 Main St, Seattle, WA 13186"
5417,Wired Headphones,1,12,05/20/2024 08:22,"876 Main St, Austin, TX 21395"
5418,Google Phone,1,600,05/03/2024 15:13,"268 Main St, Seattle, WA 90631"
5419,Lightning Charging Cable,1,15,05/08/2024 09:54,"529 Main St, New York, NY 86611"
5420,ThinkPad Laptop,1,1000,05/20/2024 01:29,"427 Main St, Dallas, TX 50833"
5421,Google Phone,1,600,05/12/2024 05:38,"238 Main St, Seattle, WA 25877"
5422,USB-C Charging Cable,1,12,05/21/2024 22:31,"125 Main St, Dallas, TX 39323"
5423,ThinkPad Laptop,2,1000,05/14/2024 07:58,"433 Main St, Boston, MA 63382"
5424,AAA Batteries (4-pack),1,3,05/25/2024 01:52,"989 Main St, Atlanta, GA 83371"
5425,ThinkPad Laptop,1,1000,05/21/2024 17:16,"370 Main St, Portland, OR 14432"
5426,ThinkPad Laptop,2,1000,05/14/2024 00:42,"292 Main St, Los Angeles, CA 73430"
5427,Macbook Pro Laptop,1,1700,05/11/2024 22:49,"831 Main St, Dallas, TX 31733"
5428,Bose SoundSport Headphones,1,100,05/24/2024 19:40,"309 Main St, Atlanta, GA 42743"
5429,Lightning Charging Cable,1,15,05/09/2024 10:06,"678 Main St, Seattle, WA 50960"
5430,Lightning Charging Cable,2,15,05/08/2024 07:47,"419 Main St, Los Angeles, CA 99501"
5431,USB-C Charging Cable,1,12,05/06/2024 22:02,"706 Main St, Austin, TX 40614"
5432,AA Batteries (4-pack),1,4,05/06/2024 06:14,"979 Main St, Portland, OR 45173"
5433,ThinkPad Laptop,1,1000,05/06/2024 03:10,"750 Main St, Austin, TX 39569"
5434,Macbook Pro Laptop,1,1700,05/03/2024 03:34,"819 Main St, Los Angeles, CA 97644"
5435,ThinkPad Laptop,1,1000,05/16/2024 11:21,"949 Main St, Portland, OR 44181"
5436,Google Phone,1,600,05/07/2024 11:55,"970 Main St, Seattle, WA 28370"
5437,AAA Batteries (4-pack),1,3,05/17/2024 03:13,"810 Main St, Portland, OR 89068"
5438,Lightning Charging Cable,1,15,05/02/2024 00:50,"331 Main St, San Francisco, CA 28972"
5439,Google Phone,1,600,05/22/2024 19:54,"280 Main St, Seattle, WA 27215"
5440,AAA Batteries (4-pack),1,3,05/21/2024 17:30,"125 Main St, Portland, OR 68967"
5441,AAA Batteries (4-pack),1,3,05/02/2024 14:09,"338 Main St, Austin, TX 94536"
5442,Lightning Charging Cable,1,15,05/05/2024 05:41,"997 Main St, Boston, MA 42284"
5443,Google Phone,2,600,05/21/2024 10:39,"771 Main St, Los Angeles, CA 46918"
5444,Macbook Pro Laptop,1,1700,05/22/2024 04:59,"954 Main St, San Francisco, CA 64544"
5445,iPhone,1,700,05/12/2024 13:55,"877 Main St, Seattle, WA 11691"
5446,iPhone,2,700,05/21/2024 07:47,"849 Main St, San Francisco, CA 50020"
5447,AA Batteries (4-pack),1,4,05/14/2024 06:34,"668 Main St, San Francisco, CA 79669"
5448,AAA Batteries (4-pack),2,3,05/12/2024 23:17,"994 Main St, Portland, OR 32565"
5449,ThinkPad Laptop,1,1000,05/10/2024 02:11,"363 Main St, Portland, OR 85114"
5450,iPhone,1,700,05/08/2024 21:09,"292 Main St, Portland, OR 82013"
5451,Lightning Charging Cable,1,15,05/19/2024 09:11,"808 Main St, San Francisco, CA 31719"
5452,iPhone,1,700,05/19/2024 02:35,"296 Main St, Los Angeles, CA 10514"
5453,USB-C Charging Cable,1,12,05/20/2024 21:02,"851 Main St, New York, NY 99247"
5454,Lightning Charging Cable,3,15,05/03/2024 22:13,"451 Main St, Seattle, WA 31139"
5455,ThinkPad Laptop,1,1000,05/11/2024 16:21,"700 Main St, Portland, OR 54943"
5456,AA Batteries (4-pack),1,4,05/19/2024 10:20,"316 Main St, New York, NY 84563"
5457,AAA Batteries (4-pack),1,3,05/13/2024 11:40,"709 Main St, Los Angeles, CA 79190"
5458,Google Phone,1,600,05/07/2024 01:26,"125 Main St, Los Angeles, CA 56082"
5459,Wired Headphones,1,12,05/17/2024 05:21,"532 Main St, Los Angeles, CA 24772"
5460,iPhone,1,700,05/16/2024 02:09,"118 Main St, Atlanta, GA 37185"
5461,AA Batteries (4-pack),1,4,05/23/2024 16:40,"253 Main St, Portland, OR 40036"
5462,AA Batteries (4-pack),1,4,05/05/2024 11:02,"380 Main St, Dallas, TX 31988"
5463,AA Batteries (4-pack),1,4,05/11/2024 13:34,"728 Main St, Austin, TX 71794"
5464,USB-C Charging Cable,1,12,05/23/2024 23:56,"473 Main St, Los Angeles, CA 83339"
5465,Macbook Pro Laptop,1,1700,05/19/2024 02:32,"281 Main St, Boston, MA 60719"
5466,iPhone,1,700,05/27/2024 14:44,"175 Main St, Los Angeles, CA 39062"
5467,Lightning Charging Cable,1,15,05/24/2024 23:32,"984 Main St, Dallas, TX 46148"
5468,Bose SoundSport Headphones,1,100,05/14/2024 09:59,"875 Main St, Austin, TX 21691"
5469,Google Phone,1,600,05/25/2024 12:11,"496 Main St, Los Angeles, CA 94635"
5470,ThinkPad Laptop,1,1000,05/16/2024 06:17,"807 Main St, New York, NY 24905"
5471,Bose SoundSport Headphones,1,100,05/20/2024 08:49,"196 Main St, Austin, TX 36795"
5472,ThinkPad Laptop,2,1000,05/22/2024 17:06,"749 Main St, Austin, TX 30600"
5473,AAA Batteries (4-pack),2,3,05/01/2024 20:41,"240 Main St, Boston, MA 60976"
5474,Wired Headphones,1,12,05/11/2024 12:54,"956 Main St, Los Angeles, CA 31189"
5475,Bose SoundSport Headphones,1,100,05/03/2024 20:40,"579 Main St, Boston, MA 12583"
5476,iPhone,1,700,05/06/2024 20:49,"400 Main St, Los Angeles, CA 82547"
5477,Lightning Charging Cable,1,15,05/12/2024 13:48,"361 Main St, Los Angeles, CA 74949"
5478,ThinkPad Laptop,1,1000,05/14/2024 19:29,"250 Main St, Dallas, TX 32835"
5479,AA Batteries (4-pack),1,4,05/02/2024 23:44,"821 Main St, New York, NY 61175"
5480,USB-C Charging Cable,1,12,05/13/2024 10:19,"197 Main St, Atlanta, GA 49719"
5481,AA Batteries (4-pack),1,4,05/02/2024 22:19,"148 Main St, Austin, TX 11713"
5482,USB-C Charging Cable,1,12,05/17/2024 12:35,"336 Main St, Los Angeles, CA 26553"
5483,iPhone,1,700,05/20/2024 17:49,"223 Main St, Austin, TX 43213"
5484,iPhone,1,700,05/14/2024 05:05,"717 Main St, San Francisco, CA 16499"
5485,Lightning Charging Cable,1,15,05/19/2024 17:52,"258 Main St, Atlanta, GA 58740"
5486,ThinkPad Laptop,1,1000,05/18/2024 11:51,"651 Main St, Seattle, WA 43778"
5487,USB-C Charging Cable,1,12,05/19/2024 10:31,"599 Main St, Boston, MA 53238"
5488,Bose SoundSport Headphones,1,100,05/28/2024 18:38,"910 Main St, Los Angeles, CA 14541"
5489,Lightning Charging Cable,1,15,05/22/2024 15:07,"543 Main St, New York, NY 34418"
5490,Bose SoundSport Headphones,1,100,05/12/2024 11:40,"711 Main St, San Francisco, CA 33230"
5491,AAA Batteries (4-pack),1,3,05/13/2024 11:56,"206 Main St, Seattle, WA 72741"
5492,Bose SoundSport Headphones,1,100,05/12/2024 03:40,"395 Main St, Boston, MA 59801"
5493,Wired Headphones,1,12,05/12/2024 04:26,"695 Main St, Seattle, WA 18038"
5494,AA Batteries (4-pack),1,4,05/04/2024 19:03,"649 Main St, San Francisco, CA 15096"
5495,Macbook Pro Laptop,1,1700,05/20/2024 14:01,"389 Main St, Atlanta, GA 88647"
5496,AA Batteries (4-pack),1,4,05/08/2024 11:36,"893 Main St, Dallas, TX 28723"
5497,Google Phone,1,600,05/08/2024 06:55,"599 Main St, Los Angeles, CA 14748"
5498,iPhone,1,700,05/18/2024 01:28,"580 Main St, Boston, MA 40512"
5499,Bose SoundSport Headphones,1,100,05/09/2024 14:04,"650 Main St, Dallas, TX 11270"
5500,AA Batteries (4-pack),1,4,05/05/2024 22:04,"340 Main St, Austin, TX 34743"
5501,Macbook Pro Laptop,2,1700,05/14/2024 06:42,"368 Main St, Los Angeles, CA 66760"
5502,AAA Batteries (4-pack),1,3,05/24/2024 14:59,"477 Main St, New York, NY 68397"
5503,Lightning Charging Cable,1,15,05/18/2024 19:56,"108 Main St, Austin, TX 50026"
5504,USB-C Charging Cable,1,12,05/09/2024 20:33,"891 Main St, Seattle, WA 95028"
5505,ThinkPad Laptop,1,1000,05/28/2024 19:44,"723 Main St, Portland, OR 30852"
5506,Google Phone,1,600,05/12/2024 19:37,"174 Main St, Austin, TX 73057"
5507,Macbook Pro Laptop,1,1700,05/03/2024 13:28,"862 Main St, Dallas, TX 35165"
5508,Wired Headphones,1,12,05/27/2024 03:14,"261 Main St, Atlanta, GA 15902"
5509,Google Phone,1,600,05/22/2024 16:19,"936 Main St, Dallas, TX 69681"
5510,AAA Batteries (4-pack),1,3,05/07/2024 02:32,"648 Main St, Seattle, WA 26568"
5511,USB-C Charging Cable,1,12,05/14/2024 19:31,"713 Main St, Seattle, WA 55634"
5512,iPhone,1,700,05/15/2024 00:13,"131 Main St, Los Angeles, CA 87356"
5513,Bose SoundSport Headphones,1,100,05/12/2024 08:06,"427 Main St, Portland, OR 16753"
5514,iPhone,1,700,05/26/2024 22:55,"815 Main St, Los Angeles, CA 27970"
5515,Wired Headphones,1,12,05/17/2024 10:13,"304 Main St, Seattle, WA 83449"
5516,AAA Batteries (4-pack),1,3,05/01/2024 09:50,"992 Main St, Portland, OR 62319"
5517,Google Phone,1,600,05/05/2024 15:21,"624 Main St, Dallas, TX 54283"
5518,AAA Batteries (4-pack),1,3,05/14/2024 11:46,"675 Main St, San Francisco, CA 87576"
5519,AAA Batteries (4-pack),1,3,05/15/2024 03:34,"743 Main St, Seattle, WA 23323"
5520,USB-C Charging Cable,1,12,05/25/2024 19:48,"745 Main St, Dallas, TX 54098"
5521,Google Phone,1,600,05/10/2024 19:03,"684 Main St, Boston, MA 88717"
5522,Bose SoundSport Headphones,1,100,05/19/2024 13:12,"117 Main St, Austin, TX 27631"
5523,Macbook Pro Laptop,1,1700,05/22/2024 18:04,"768 Main St, Dallas, TX 22268"
5524,Lightning Charging Cable,1,15,05/22/2024 12:32,"781 Main St, Seattle, WA 69747"
5525,ThinkPad Laptop,1,1000,05/27/2024 18:14,"700 Main St, Boston, MA 26235"
5526,iPhone,1,700,05/07/2024 13:33,"711 Main St, San Francisco, CA 52219"
5527,Lightning Charging Cable,1,15,05/11/2024 03:32,"533 Main St, Seattle, WA 44295"
5528,Macbook Pro Laptop,1,1700,05/03/2024 07:48,"287 Main St, New York, NY 45685"
5529,Macbook Pro Laptop,2,1700,05/04/2024 14:01,"135 Main St, Portland, OR 33860"
5530,Bose SoundSport Headphones,2,100,05/23/2024 01:07,"438 Main St, Los Angeles, CA 92354"
5531,USB-C Charging Cable,1,12,05/01/2024 17:30,"875 Main St, Los Angeles, CA 29750"
5532,ThinkPad Laptop,1,1000,05/06/2024 21:07,"544 Main St, Boston, MA 88366"
5533,Bose SoundSport Headphones,1,100,05/03/2024 13:47,"882 Main St, Dallas, TX 94945"
5534,iPhone,1,700,05/09/2024 08:40,"890 Main St, Austin, TX 39715"
5535,Wired Headphones,1,12,05/15/2024 05:49,"821 Main St, San Francisco, CA 21185"
5536,ThinkPad Laptop,1,1000,05/20/2024 18:51,"866 Main St, Austin, TX 96450"
5537,Macbook Pro Laptop,2,1700,05/18/2024 08:28,"136 Main St, Atlanta, GA 17994"
5538,USB-C Charging Cable,1,12,05/11/2024 23:49,"776 Main St, Dallas, TX 14901"
5539,iPhone,1,700,05/02/2024 21:15,"971 Main St, New York, NY 47288"
5540,Wired Headphones,1,12,05/14/2024 21:12,"315 Main St, Austin, TX 97354"
5541,Wired Headphones,1,12,05/25/2024 15:39,"441 Main St, Portland, OR 92854"
5542,Lightning Charging Cable,1,15,05/02/2024 09:59,"301 Main St, Dallas, TX 90919"
5543,AAA Batteries (4-pack),1,3,05/01/2024 00:52,"705 Main St, Atlanta, GA 56091"
5544,ThinkPad Laptop,2,1000,05/22/2024 10:51,"614 Main St, Austin, TX 96625"
5545,USB-C Charging Cable,1,12,05/02/2024 09:00,"736 Main St, New York, NY 94167"
5546,ThinkPad Laptop,1,1000,05/16/2024 02:56,"910 Main St, Boston, MA 34909"
5547,Macbook Pro Laptop,1,1700,05/11/2024 03:24,"689 Main St, Boston, MA 25285"
5548,Lightning Charging Cable,1,15,05/18/2024 09:26,"940 Main St, San Francisco, CA 84519"
5549,iPhone,1,700,05/05/2024 10:20,"468 Main St, Dallas, TX 59980"
5550,AA Batteries (4-pack),1,4,05/18/2024 22:09,"529 Main St, Los Angeles, CA 90410"
5551,Macbook Pro Laptop,2,1700,05/02/2024 18:04,"714 Main St, Boston, MA 66715"
5552,USB-C Charging Cable,3,12,05/01/2024 13:44,"308 Main St, San Francisco, CA 62545"
5553,AA Batteries (4-pack),1,4,05/11/2024 02:59,"462 Main St, Atlanta, GA 39073"
5554,AA Batteries (4-pack),1,4,05/14/2024 13:47,"927 Main St, Seattle, WA 42489"
5555,AAA Batteries (4-pack),1,3,05/28/2024 15:14,"251 Main St, New York, NY 58223"
5556,Bose SoundSport Headphones,1,100,05/13/2024 15:14,"562 Main St, San Francisco, CA 87815"
5557,iPhone,2,700,05/01/2024 17:35,"460 Main St, Dallas, TX 61794"
5558,Wired Headphones,1,12,05/18/2024 12:18,"311 Main St, Atlanta, GA 61141"
5559,iPhone,1,700,05/22/2024 14:19,"202 Main St, San Francisco, CA 63094"
5560,USB-C Charging Cable,2,12,05/11/2024 19:52,"553 Main St, Boston, MA 19408"
5561,USB-C Charging Cable,1,12,05/15/2024 09:12,"570 Main St, Austin, TX 43241"
5562,Macbook Pro Laptop,1,1700,05/21/2024 17:55,"721 Main St, Los Angeles, CA 97354"
5563,AAA Batteries (4-pack),1,3,05/20/2024 11:31,"586 Main St, Los Angeles, CA 52288"
5564,Wired Headphones,2,12,05/23/2024 04:36,"956 Main St, Seattle, WA 84344"
5565,AAA Batteries (4-pack),1,3,05/21/2024 03:01,"174 Main St, New York, NY 21395"
5566,iPhone,1,700,05/03/2024 23:22,"740 Main St, Los Angeles, CA 83231"
5567,USB-C Charging Cable,1,12,05/08/2024 05:42,"516 Main St, New York, NY 21816"
5568,iPhone,2,700,05/26/2024 04:56,"431 Main St, Atlanta, GA 58082"
5569,USB-C Charging Cable,1,12,05/19/2024 03:50,"688 Main St, Portland, OR 60259"
5570,Bose SoundSport Headphones,1,100,05/20/2024 20:39,"381 Main St, Boston, MA 81259"
5571,iPhone,1,700,05/07/2024 00:45,"186 Main St, Boston, MA 57738"
5572,ThinkPad Laptop,2,1000,05/17/2024 04:52,"144 Main St, Dallas, TX 37820"
5573,USB-C Charging Cable,1,12,05/06/2024 21:40,"478 Main St, Atlanta, GA 21919"
5574,iPhone,1,700,05/24/2024 00:07,"747 Main St, Atlanta, GA 31868"
5575,ThinkPad Laptop,1,1000,05/10/2024 13:39,"279 Main St, Los Angeles, CA 14446"
5576,ThinkPad Laptop,2,1000,05/04/2024 17:45,"734 Main St, Seattle, WA 44401"
5577,Google Phone,1,600,05/20/2024 08:45,"776 Main St, New York, NY 32765"
5578,AA Batteries (4-pack),1,4,05/10/2024 11:01,"231 Main St, New York, NY 37279"
5579,Bose SoundSport Headphones,1,100,05/08/2024 20:55,"793 Main St, Los Angeles, CA 18931"
5580,AA Batteries (4-pack),1,4,05/10/2024 16:40,"488 Main St, San Francisco, CA 12638"
5581,iPhone,1,700,05/11/2024 00:30,"926 Main St, Austin, TX 68961"
5582,Bose SoundSport Headphones,1,100,05/16/2024 16:02,"547 Main St, Austin, TX 71534"
5583,Lightning Charging Cable,1,15,05/08/2024 21:26,"384 Main St, Boston, MA 80944"
5584,Macbook Pro Laptop,1,1700,05/18/2024 21:07,"207 Main St, Austin, TX 12245"
5585,iPhone,1,700,05/16/2024 20:18,"605 Main St, Boston, MA 44643"
5586,AAA Batteries (4-pack),2,3,05/08/2024 22:45,"479 Main St, Dallas, TX 39969"
5587,USB-C Charging Cable,1,12,05/14/2024 07:47,"368 Main St, San Francisco, CA 64306"
5588,USB-C Charging Cable,3,12,05/11/2024 18:33,"919 Main St, Portland, OR 54425"
5589,ThinkPad Laptop,2,1000,05/22/2024 15:21,"233 Main St, Seattle, WA 38568"
5590,Wired Headphones,3,12,05/26/2024 12:35,"956 Main St, Atlanta, GA 87660"
5591,iPhone,1,700,05/05/2024 03:07,"329 Main St, Atlanta, GA 37854"
5592,Lightning Charging Cable,1,15,05/28/2024 18:54,"413 Main St, Boston, MA 13542"
5593,Macbook Pro Laptop,1,1700,05/28/2024 14:24,"856 Main St, Atlanta, GA 20202"
5594,Macbook Pro Laptop,1,1700,05/15/2024 06:21,"341 Main St, Los Angeles, CA 34721"
5595,Macbook Pro Laptop,1,1700,05/08/2024 18:03,"919 Main St, Dallas, TX 53176"
5596,AA Batteries (4-pack),1,4,05/22/2024 02:34,"267 Main St, San Francisco, CA 76996"
5597,Bose SoundSport Headphones,1,100,05/28/2024 17:45,"665 Main St, Austin, TX 45978"
5598,Macbook Pro Laptop,1,1700,05/24/2024 16:22,"776 Main St, Atlanta, GA 34416"
5599,AAA Batteries (4-pack),1,3,05/05/2024 05:29,"134 Main St, San Francisco, CA 87627"
5600,Macbook Pro Laptop,1,1700,05/13/2024 19:40,"658 Main St, Seattle, WA 36913"
5601,AA Batteries (4-pack),1,4,05/22/2024 22:43,"580 Main St, Seattle, WA 77953"
5602,Bose SoundSport Headphones,1,100,05/01/2024 22:04,"752 Main St, Austin, TX 94124"
5603,Bose SoundSport Headphones,2,100,05/07/2024 23:07,"856 Main St, San Francisco, CA 62570"
5604,Bose SoundSport Headphones,1,100,05/24/2024 00:22,"411 Main St, Atlanta, GA 68861"
5605,iPhone,1,700,05/09/2024 19:30,"762 Main St, Seattle, WA 39891"
5606,Lightning Charging Cable,1,15,05/14/2024 08:52,"995 Main St, Austin, TX 76293"
5607,AAA Batteries (4-pack),1,3,05/14/2024 23:29,"134 Main St, Austin, TX 62395"
5608,AA Batteries (4-pack),1,4,05/13/2024 23:52,"410 Main St, Dallas, TX 30202"
5609,AAA Batteries (4-pack),1,3,05/24/2024 12:28,"104 Main St, Boston, MA 61391"
5610,USB-C Charging Cable,1,12,05/27/2024 16:05,"166 Main St, Austin, TX 51790"
5611,USB-C Charging Cable,1,12,05/06/2024 12:42,"887 Main St, San Francisco, CA 71151"
5612,Macbook Pro Laptop,1,1700,05/28/2024 23:37,"703 Main St, Dallas, TX 97400"
5613,AA Batteries (4-pack),1,4,05/07/2024 09:41,"540 Main St, Seattle, WA 76715"
5614,AA Batteries (4-pack),1,4,05/28/2024 14:34,"472 Main St, Dallas, TX 66374"
5615,Lightning Charging Cable,1,15,05/22/2024 12:14,"267 Main St, New York, NY 30059"
5616,USB-C Charging Cable,1,12,05/23/2024 23:38,"701 Main St, San Francisco, CA 42911"
5617,Macbook Pro Laptop,2,1700,05/07/2024 03:08,"122 Main St, Los Angeles, CA 94642"
5618,USB-C Charging Cable,1,12,05/16/2024 04:42,"992 Main St, Atlanta, GA 30602"
5619,iPhone,1,700,05/26/2024 01:19,"355 Main St, Los Angeles, CA 77479"
5620,AA Batteries (4-pack),1,4,05/10/2024 13:16,"688 Main St, Boston, MA 15793"
5621,Bose SoundSport Headphones,1,100,05/24/2024 03:56,"936 Main St, Austin, TX 57579"
5622,Macbook Pro Laptop,2,1700,05/09/2024 06:05,"792 Main St, Austin, TX 20555"
5623,AA Batteries (4-pack),2,4,05/05/2024 02:38,"471 Main St, Atlanta, GA 15458"
5624,USB-C Charging Cable,1,12,05/08/2024 02:19,"729 Main St, Austin, TX 29262"
5625,Macbook Pro Laptop,1,1700,05/11/2024 06:17,"472 Main St, Portland, OR 83271"
5626,Google Phone,1,600,05/16/2024 03:18,"787 Main St, Austin, TX 35489"
5627,AA Batteries (4-pack),1,4,05/07/2024 12:40,"865 Main St, Los Angeles, CA 68883"
5628,USB-C Charging Cable,1,12,05/06/2024 23:53,"535 Main St, Los Angeles, CA 21549"
5629,Macbook Pro Laptop,1,1700,05/10/2024 07:50,"677 Main St, New York, NY 38725"
5630,ThinkPad Laptop,2,1000,05/06/2024 10:58,"811 Main St, Austin, TX 44141"
5631,iPhone,1,700,05/25/2024 20:28,"360 Main St, Portland, OR 49891"
5632,AAA Batteries (4-pack),1,3,05/13/2024 06:14,"745 Main St, Dallas, TX 76418"
5633,AAA Batteries (4-pack),1,3,05/25/2024 07:07,"370 Main St, New York, NY 15266"
5634,Lightning Charging Cable,1,15,05/19/2024 01:52,"466 Main St, Atlanta, GA 84147"
5635,USB-C Charging Cable,1,12,05/17/2024 08:55,"293 Main St, Seattle, WA 76862"
5636,Lightning Charging Cable,1,15,05/07/2024 08:29,"917 Main St, Atlanta, GA 45218"
5637,Macbook Pro Laptop,1,1700,05/10/2024 19:16,"511 Main St, Dallas, TX 53734"
5638,AA Batteries (4-pack),1,4,05/25/2024 03:29,"398 Main St, Boston, MA 85673"
5639,Google Phone,1,600,05/27/2024 00:07,"762 Main St, Austin, TX 51931"
5640,Lightning Charging Cable,1,15,05/08/2024 11:30,"818 Main St, Austin, TX 10156"
5641,Wired Headphones,1,12,05/20/2024 18:36,"799 Main St, Los Angeles, CA 53658"
5642,AAA Batteries (4-pack),3,3,05/26/2024 10:15,"255 Main St, Atlanta, GA 95341"
5643,Macbook Pro Laptop,1,1700,05/24/2024 20:45,"722 Main St, Atlanta, GA 10420"
5644,iPhone,1,700,05/28/2024 03:35,"682 Main St, Boston, MA 86705"
5645,USB-C Charging Cable,1,12,05/26/2024 17:54,"856 Main St, Boston, MA 50662"
5646,AAA Batteries (4-pack),1,3,05/14/2024 01:56,"446 Main St, Austin, TX 39141"
5647,iPhone,1,700,05/03/2024 11:38,"603 Main St, Los Angeles, CA 53664"
5648,AA Batteries (4-pack),1,4,05/03/2024 05:00,"458 Main St, Boston, MA 75499"
5649,Bose SoundSport Headphones,1,100,05/17/2024 11:59,"652 Main St, Boston, MA 39055"
5650,Bose SoundSport Headphones,1,100,05/25/2024 03:19,"313 Main St, Austin, TX 39010"
5651,ThinkPad Laptop,1,1000,05/07/2024 22:12,"401 Main St, Atlanta, GA 56916"
5652,Bose SoundSport Headphones,1,100,05/02/2024 12:26,"779 Main St, San Francisco, CA 66338"
5653,USB-C Charging Cable,1,12,05/14/2024 08:48,"358 Main St, Austin, TX 15978"
5654,Macbook Pro Laptop,1,1700,05/07/2024 00:04,"219 Main St, New York, NY 81479"
5655,Lightning Charging Cable,1,15,05/02/2024 14:26,"781 Main St, Seattle, WA 65048"
5656,Macbook Pro Laptop,1,1700,05/21/2024 20:22,"538 Main St, Los Angeles, CA 58036"
5657,Google Phone,1,600,05/09/2024 02:57,"834 Main St, Boston, MA 10340"
5658,Lightning Charging Cable,1,15,05/18/2024 03:17,"797 Main St, Austin, TX 73942"
5659,Google Phone,1,600,05/09/2024 17:19,"274 Main St, San Francisco, CA 59520"
5660,USB-C Charging Cable,1,12,05/12/2024 17:30,"594 Main St, San Francisco, CA 51179"
5661,AA Batteries (4-pack),1,4,05/06/2024 18:30,"287 Main St, Dallas, TX 30696"
5662,Lightning Charging Cable,1,15,05/25/2024 04:26,"303 Main St, Atlanta, GA 93275"
5663,iPhone,1,700,05/07/2024 23:38,"857 Main St, Los Angeles, CA 50411"
5664,Lightning Charging Cable,1,15,05/07/2024 00:53,"661 Main St, Austin, TX 61139"
5665,Wired Headphones,1,12,05/21/2024 10:35,"875 Main St, Austin, TX 95856"
5666,AA Batteries (4-pack),1,4,05/04/2024 23:42,"861 Main St, Dallas, TX 89808"
5667,Macbook Pro Laptop,1,1700,05/15/2024 10:16,"966 Main St, Portland, OR 69475"
5668,USB-C Charging Cable,2,12,05/27/2024 02:27,"477 Main St, Seattle, WA 53296"
5669,AAA Batteries (4-pack),1,3,05/13/2024 05:44,"312 Main St, New York, NY 64145"
5670,AAA Batteries (4-pack),1,3,05/05/2024 17:14,"651 Main St, Los Angeles, CA 79876"
5671,AAA Batteries (4-pack),1,3,05/03/2024 10:27,"246 Main St, New York, NY 22770"
5672,Google Phone,1,600,05/14/2024 20:48,"148 Main St, New York, NY 24135"
5673,Macbook Pro Laptop,1,1700,05/08/2024 11:31,"573 Main St, San Francisco, CA 75783"
5674,Macbook Pro Laptop,1,1700,05/08/2024 00:26,"844 Main St, Boston, MA 70531"
5675,AAA Batteries (4-pack),1,3,05/01/2024 09:05,"391 Main St, New York, NY 95626"
5676,Google Phone,1,600,05/06/2024 00:44,"223 Main St, Boston, MA 83720"
5677,Wired Headphones,1,12,05/26/2024 21:19,"983 Main St, Boston, MA 85555"
5678,ThinkPad Laptop,1,1000,05/21/2024 06:28,"200 Main St, New York, NY 50315"
5679,Google Phone,1,600,05/13/2024 15:35,"239 Main St, Portland, OR 16586"
5680,Bose SoundSport Headphones,1,100,05/02/2024 07:17,"823 Main St, Boston, MA 55506"
5681,AA Batteries (4-pack),1,4,05/04/2024 11:46,"757 Main St, Dallas, TX 87043"
5682,AAA Batteries (4-pack),1,3,05/22/2024 09:55,"894 Main St, Seattle, WA 88919"
5683,Lightning Charging Cable,1,15,05/02/2024 18:59,"378 Main St, Boston, MA 65858"
5684,USB-C Charging Cable,1,12,05/27/2024 21:00,"872 Main St, Atlanta, GA 95109"
5685,Lightning Charging Cable,1,15,05/06/2024 19:15,"810 Main St, Los Angeles, CA 66166"
5686,Google Phone,1,600,05/27/2024 17:43,"485 Main St, Atlanta, GA 80085"
5687,Bose SoundSport Headphones,1,100,05/04/2024 15:01,"799 Main St, Seattle, WA 15949"
5688,Wired Headphones,1,12,05/08/2024 19:21,"600 Main St, Los Angeles, CA 26351"
5689,USB-C Charging Cable,1,12,05/23/2024 04:19,"846 Main St, Dallas, TX 17937"
5690,AAA Batteries (4-pack),1,3,05/03/2024 15:04,"376 Main St, Austin, TX 76845"
5691,USB-C Charging Cable,1,12,05/27/2024 22:45,"369 Main St, San Francisco, CA 99423"
5692,Bose SoundSport Headphones,1,100,05/03/2024 06:22,"569 Main St, San Francisco, CA 82192"
5693,Wired Headphones,1,12,05/12/2024 09:38,"433 Main St, Los Angeles, CA 37166"
5694,ThinkPad Laptop,2,1000,05/09/2024 08:51,"771 Main St, Boston, MA 81554"
5695,USB-C Charging Cable,1,12,05/11/2024 03:17,"204 Main St, Dallas, TX 34906"
5696,Wired Headphones,1,12,05/12/2024 12:47,"858 Main St, Austin, TX 22177"
5697,Wired Headphones,1,12,05/04/2024 09:34,"806 Main St, Atlanta, GA 59389"
5698,iPhone,1,700,05/01/2024 15:02,"204 Main St, Austin, TX 42194"
5699,iPhone,1,700,05/13/2024 01:31,"374 Main St, Austin, TX 88683"
5700,Lightning Charging Cable,1,15,05/28/2024 11:00,"583 Main St, Boston, MA 92291"
5701,Wired Headphones,2,12,05/12/2024 08:52,"315 Main St, New York, NY 71053"
5702,Macbook Pro Laptop,3,1700,05/05/2024 07:48,"169 Main St, San Francisco, CA 12804"
5703,ThinkPad Laptop,1,1000,05/25/2024 19:01,"800 Main St, New York, NY 62516"
5704,AA Batteries (4-pack),2,4,05/11/2024 19:35,"266 Main St, Portland, OR 38723"
5705,Bose SoundSport Headphones,1,100,05/03/2024 15:34,"296 Main St, Boston, MA 35126"
5706,Macbook Pro Laptop,1,1700,05/10/2024 09:44,"985 Main St, Portland, OR 99860"
5707,Lightning Charging Cable,1,15,05/21/2024 11:51,"536 Main St, Los Angeles, CA 17906"
5708,USB-C Charging Cable,1,12,05/28/2024 08:38,"757 Main St, San Francisco, CA 61949"
5709,Google Phone,1,600,05/06/2024 20:44,"402 Main St, New York, NY 56913"
5710,ThinkPad Laptop,1,1000,05/07/2024 05:43,"809 Main St, Portland, OR 17019"
5711,Macbook Pro Laptop,1,1700,05/17/2024 14:42,"426 Main St, Los Angeles, CA 89969"
5712,AAA Batteries (4-pack),1,3,05/28/2024 19:40,"694 Main St, San Francisco, CA 16855"
5713,Macbook Pro Laptop,1,1700,05/25/2024 20:54,"389 Main St, Atlanta, GA 54907"
5714,iPhone,1,700,05/14/2024 14:45,"762 Main St, Los Angeles, CA 22029"
5715,AAA Batteries (4-pack),2,3,05/25/2024 21:18,"843 Main St, Boston, MA 27131"
5716,Lightning Charging Cable,1,15,05/22/2024 14:58,"403 Main St, Seattle, WA 97203"
5717,iPhone,1,700,05/09/2024 14:04,"736 Main St, Atlanta, GA 43846"
5718,iPhone,1,700,05/25/2024 13:41,"704 Main St, New York, NY 55840"
5719,ThinkPad Laptop,1,1000,05/03/2024 09:01,"342 Main St, Boston, MA 96039"
5720,Bose SoundSport Headphones,2,100,05/05/2024 17:44,"277 Main St, Seattle, WA 58973"
5721,AA Batteries (4-pack),1,4,05/08/2024 08:07,"734 Main St, Austin, TX 86571"
5722,AA Batteries (4-pack),1,4,05/18/2024 02:17,"446 Main St, Seattle, WA 86297"
5723,iPhone,1,700,05/18/2024 20:27,"532 Main St, San Francisco, CA 51655"
5724,iPhone,3,700,05/25/2024 02:22,"565 Main St, Los Angeles, CA 36689"
5725,Macbook Pro Laptop,1,1700,05/02/2024 05:17,"457 Main St, Boston, MA 95887"
5726,iPhone,1,700,05/12/2024 00:52,"494 Main St, Atlanta, GA 60784"
5727,Lightning Charging Cable,1,15,05/14/2024 17:53,"738 Main St, Boston, MA 33322"
5728,AAA Batteries (4-pack),1,3,05/02/2024 04:16,"832 Main St, Atlanta, GA 52761"
5729,Macbook Pro Laptop,1,1700,05/14/2024 11:26,"210 Main St, Austin, TX 59422"
5730,Macbook Pro Laptop,1,1700,05/07/2024 17:30,"994 Main St, Los Angeles, CA 49981"
5731,Google Phone,1,600,05/17/2024 15:34,"638 Main St, Los Angeles, CA 42992"
5732,iPhone,1,700,05/12/2024 16:57,"957 Main St, New York, NY 99585"
5733,ThinkPad Laptop,1,1000,05/16/2024 06:26,"473 Main St, Boston, MA 53317"
5734,USB-C Charging Cable,1,12,05/15/2024 06:27,"395 Main St, Los Angeles, CA 35032"
5735,AA Batteries (4-pack),1,4,05/07/2024 13:14,"851 Main St, Los Angeles, CA 48861"
5736,ThinkPad Laptop,1,1000,05/26/2024 05:54,"137 Main St, Boston, MA 24298"
5737,Lightning Charging Cable,1,15,05/08/2024 11:06,"944 Main St, Atlanta, GA 20247"
5738,Bose SoundSport Headphones,1,100,05/15/2024 21:18,"747 Main St, Boston, MA 97604"
5739,Google Phone,1,600,05/26/2024 13:25,"357 Main St, Austin, TX 21939"
5740,ThinkPad Laptop,1,1000,05/25/2024 11:42,"509 Main St, Seattle, WA 67203"
5741,Lightning Charging Cable,1,15,05/28/2024 02:34,"385 Main St, Atlanta, GA 86568"
5742,Google Phone,1,600,05/22/2024 04:15,"630 Main St, Boston, MA 33039"
5743,AA Batteries (4-pack),1,4,05/02/2024 20:27,"225 Main St, Atlanta, GA 23355"
5744,iPhone,2,700,05/11/2024 17:27,"806 Main St, Boston, MA 23097"
5745,Wired Headphones,1,12,05/09/2024 15:31,"282 Main St, Boston, MA 35885"
5746,ThinkPad Laptop,1,1000,05/28/2024 07:05,"755 Main St, Atlanta, GA 45787"
5747,iPhone,1,700,05/18/2024 17:51,"335 Main St, New York, NY 60792"
5748,Wired Headphones,1,12,05/21/2024 20:29,"683 Main St, Boston, MA 59769"
5749,Lightning Charging Cable,1,15,05/27/2024 08:39,"377 Main St, San Francisco, CA 25221"
5750,ThinkPad Laptop,1,1000,05/24/2024 19:06,"607 Main St, Portland, OR 16720"
5751,ThinkPad Laptop,1,1000,05/02/2024 21:02,"562 Main St, Los Angeles, CA 54276"
5752,AA Batteries (4-pack),1,4,05/06/2024 23:46,"100 Main St, New York, NY 39030"
5753,Lightning Charging Cable,1,15,05/02/2024 23:24,"576 Main St, Portland, OR 60601"
5754,Google Phone,1,600,05/08/2024 04:36,"396 Main St, Austin, TX 31568"
5755,Macbook Pro Laptop,2,1700,05/15/2024 16:45,"237 Main St, Atlanta, GA 18069"
5756,ThinkPad Laptop,1,1000,05/25/2024 01:07,"611 Main St, New York, NY 94334"
5757,Bose SoundSport Headphones,1,100,05/04/2024 15:44,"790 Main St, Austin, TX 59232"
5758,iPhone,1,700,05/14/2024 13:00,"897 Main St, Boston, MA 84541"
5759,USB-C Charging Cable,1,12,05/17/2024 03:39,"982 Main St, Dallas, TX 63486"
5760,iPhone,2,700,05/01/2024 22:12,"138 Main St, Atlanta, GA 83117"
5761,Google Phone,1,600,05/16/2024 05:34,"881 Main St, Austin, TX 62516"
5762,AA Batteries (4-pack),1,4,05/03/2024 14:24,"883 Main St, Los Angeles, CA 75165"
5763,ThinkPad Laptop,1,1000,05/26/2024 06:37,"125 Main St, Portland, OR 82014"
5764,AAA Batteries (4-pack),1,3,05/17/2024 09:44,"214 Main St, Los Angeles, CA 89305"
5765,Google Phone,1,600,05/10/2024 15:10,"736 Main St, Portland, OR 84992"
5766,ThinkPad Laptop,1,1000,05/07/2024 20:38,"139 Main St, Los Angeles, CA 19285"
5767,AA Batteries (4-pack),1,4,05/24/2024 12:13,"909 Main St, Seattle, WA 60870"
5768,AA Batteries (4-pack),1,4,05/27/2024 13:56,"120 Main St, New York, NY 53093"
5769,AA Batteries (4-pack),3,4,05/25/2024 09:05,"911 Main St, Seattle, WA 31347"
5770,ThinkPad Laptop,1,1000,05/17/2024 11:13,"249 Main St, Seattle, WA 38020"
5771,Macbook Pro Laptop,1,1700,05/13/2024 19:15,"715 Main St, New York, NY 96380"
5772,AA Batteries (4-pack),1,4,05/22/2024 19:30,"502 Main St, Austin, TX 95978"
5773,USB-C Charging Cable,1,12,05/23/2024 16:44,"630 Main St, New York, NY 83102"
5774,iPhone,1,700,05/27/2024 12:44,"939 Main St, Seattle, WA 52972"
5775,Google Phone,2,600,05/24/2024 09:35,"975 Main St, Seattle, WA 88649"
5776,USB-C Charging Cable,1,12,05/22/2024 09:41,"699 Main St, New York, NY 37091"
5777,Bose SoundSport Headphones,1,100,05/04/2024 19:46,"297 Main St, Boston, MA 18473"
5778,ThinkPad Laptop,1,1000,05/05/2024 17:18,"532 Main St, Portland, OR 87083"
5779,AAA Batteries (4-pack),1,3,05/12/2024 02:22,"967 Main St, San Francisco, CA 93550"
5780,iPhone,1,700,05/18/2024 07:34,"130 Main St, Portland, OR 28055"
5781,Bose SoundSport Headphones,1,100,05/05/2024 19:50,"477 Main St, Dallas, TX 81476"
5782,Macbook Pro Laptop,1,1700,05/28/2024 06:35,"726 Main St, Portland, OR 52019"
5783,AAA Batteries (4-pack),1,3,05/20/2024 06:25,"840 Main St, New York, NY 50014"
5784,ThinkPad Laptop,1,1000,05/24/2024 08:45,"577 Main St, Seattle, WA 47201"
5785,AAA Batteries (4-pack),1,3,05/12/2024 04:38,"503 Main St, New York, NY 32319"
5786,USB-C Charging Cable,1,12,05/06/2024 03:26,"302 Main St, Los Angeles, CA 35380"
5787,iPhone,1,700,05/22/2024 12:07,"447 Main St, New York, NY 81523"
5788,iPhone,1,700,05/21/2024 13:57,"883 Main St, Portland, OR 36468"
5789,Wired Headphones,2,12,05/13/2024 15:33,"480 Main St, New York, NY 86880"
5790,Google Phone,1,600,05/10/2024 06:04,"385 Main St, New York, NY 91377"
5791,AA Batteries (4-pack),1,4,05/22/2024 02:35,"591 Main St, Boston, MA 46949"
5792,USB-C Charging Cable,1,12,05/22/2024 02:26,"220 Main St, New York, NY 43976"
5793,Lightning Charging Cable,1,15,05/27/2024 18:33,"445 Main St, Dallas, TX 35446"
5794,ThinkPad Laptop,1,1000,05/03/2024 22:23,"575 Main St, Seattle, WA 69769"
5795,Lightning Charging Cable,1,15,05/06/2024 19:07,"507 Main St, Dallas, TX 29079"
5796,Lightning Charging Cable,1,15,05/24/2024 08:06,"146 Main St, Los Angeles, CA 50178"
5797,Lightning Charging Cable,1,15,05/06/2024 23:11,"170 Main St, Dallas, TX 99861"
5798,Macbook Pro Laptop,1,1700,05/07/2024 00:37,"161 Main St, Austin, TX 55574"
5799,AA Batteries (4-pack),1,4,05/09/2024 16:55,"656 Main St, Boston, MA 45165"
5800,AA Batteries (4-pack),2,4,05/16/2024 14:41,"863 Main St, Austin, TX 79239"
5801,ThinkPad Laptop,1,1000,05/18/2024 00:21,"692 Main St, Boston, MA 20576"
5802,Google Phone,1,600,05/24/2024 22:00,"993 Main St, San Francisco, CA 83360"
5803,AAA Batteries (4-pack),1,3,05/06/2024 11:05,"377 Main St, Dallas, TX 16370"
5804,Lightning Charging Cable,1,15,05/14/2024 04:04,"424 Main St, Boston, MA 80965"
5805,AA Batteries (4-pack),1,4,05/14/2024 06:02,"714 Main St, San Francisco, CA 50125"
5806,AAA Batteries (4-pack),1,3,05/26/2024 16:17,"439 Main St, Atlanta, GA 16026"
5807,Macbook Pro Laptop,1,1700,05/23/2024 22:25,"181 Main St, Los Angeles, CA 42708"
5808,Macbook Pro Laptop,1,1700,05/16/2024 16:56,"244 Main St, Los Angeles, CA 45255"
5809,Wired Headphones,1,12,05/27/2024 15:17,"170 Main St, Dallas, TX 74487"
5810,USB-C Charging Cable,1,12,05/15/2024 14:36,"926 Main St, Atlanta, GA 21702"
5811,AAA Batteries (4-pack),1,3,05/26/2024 04:03,"402 Main St, New York, NY 88598"
5812,Wired Headphones,1,12,05/15/2024 07:03,"864 Main St, Portland, OR 89931"
5813,USB-C Charging Cable,1,12,05/22/2024 06:50,"691 Main St, Atlanta, GA 52899"
5814,AAA Batteries (4-pack),1,3,05/22/2024 17:05,"283 Main St, Dallas, TX 24971"
5815,USB-C Charging Cable,1,12,05/23/2024 07:48,"441 Main St, Los Angeles, CA 22663"
5816,AAA Batteries (4-pack),2,3,05/12/2024 10:23,"556 Main St, Boston, MA 54688"
5817,Google Phone,1,600,05/14/2024 02:23,"458 Main St, Austin, TX 87845"
5818,ThinkPad Laptop,1,1000,05/27/2024 14:48,"388 Main St, Atlanta, GA 86678"
5819,AA Batteries (4-pack),1,4,05/04/2024 17:50,"683 Main St, Portland, OR 50744"
5820,Wired Headphones,1,12,05/08/2024 15:45,"596 Main St, Boston, MA 56731"
5821,Google Phone,1,600,05/14/2024 21:30,"398 Main St, Los Angeles, CA 12449"
5822,Google Phone,1,600,05/28/2024 07:23,"352 Main St, Portland, OR 54158"
5823,iPhone,1,700,05/25/2024 05:13,"827 Main St, San Francisco, CA 66104"
5824,Lightning Charging Cable,1,15,05/02/2024 11:36,"807 Main St, Seattle, WA 16016"
5825,iPhone,1,700,05/15/2024 00:51,"961 Main St, Portland, OR 36573"
5826,AAA Batteries (4-pack),1,3,05/28/2024 04:34,"682 Main St, Seattle, WA 29300"
5827,AA Batteries (4-pack),1,4,05/04/2024 21:56,"997 Main St, Atlanta, GA 17148"
5828,USB-C Charging Cable,2,12,05/22/2024 08:20,"407 Main St, Dallas, TX 65873"
5829,Macbook Pro Laptop,1,1700,05/15/2024 20:22,"370 Main St, San Francisco, CA 58858"
5830,USB-C Charging Cable,1,12,05/03/2024 10:26,"208 Main St, Dallas, TX 84038"
5831,AAA Batteries (4-pack),1,3,05/13/2024 23:46,"361 Main St, Atlanta, GA 99237"
5832,USB-C Charging Cable,1,12,05/14/2024 14:49,"891 Main St, Atlanta, GA 67293"
5833,Wired Headphones,1,12,05/12/2024 14:55,"617 Main St, Dallas, TX 60074"
5834,Bose SoundSport Headphones,3,100,05/05/2024 18:48,"354 Main St, San Francisco, CA 12487"
5835,Macbook Pro Laptop,1,1700,05/01/2024 00:14,"948 Main St, Portland, OR 53994"
5836,iPhone,1,700,05/13/2024 11:16,"860 Main St, Portland, OR 77973"
5837,Macbook Pro Laptop,1,1700,05/24/2024 04:01,"196 Main St, Dallas, TX 42892"
5838,USB-C Charging Cable,1,12,05/06/2024 06:04,"999 Main St, Portland, OR 24329"
5839,AA Batteries (4-pack),1,4,05/13/2024 08:06,"123 Main St, Boston, MA 32440"
5840,Bose SoundSport Headphones,2,100,05/19/2024 21:37,"424 Main St, Portland, OR 39016"
5841,iPhone,1,700,05/08/2024 15:15,"973 Main St, Austin, TX 98122"
5842,ThinkPad Laptop,1,1000,05/13/2024 16:35,"569 Main St, San Francisco, CA 14095"
5843,Macbook Pro Laptop,1,1700,05/01/2024 20:23,"555 Main St, Seattle, WA 66599"
5844,Macbook Pro Laptop,1,1700,05/18/2024 16:13,"382 Main St, Atlanta, GA 54121"
5845,iPhone,1,700,05/10/2024 15:40,"966 Main St, Boston, MA 59514"
5846,Macbook Pro Laptop,1,1700,05/10/2024 05:41,"730 Main St, Los Angeles, CA 45288"
5847,AA Batteries (4-pack),2,4,05/08/2024 02:02,"499 Main St, Austin, TX 36775"
5848,AAA Batteries (4-pack),1,3,05/16/2024 08:11,"891 Main St, Boston, MA 30556"
5849,Macbook Pro Laptop,1,1700,05/19/2024 10:05,"457 Main St, Atlanta, GA 24669"
5850,Wired Headphones,1,12,05/28/2024 19:58,"436 Main St, Seattle, WA 96114"
5851,Google Phone,1,600,05/22/2024 04:51,"459 Main St, San Francisco, CA 17402"
5852,Wired Headphones,1,12,05/11/2024 16:37,"777 Main St, Austin, TX 69815"
5853,Bose SoundSport Headphones,1,100,05/24/2024 12:10,"967 Main St, Austin, TX 76054"
5854,Macbook Pro Laptop,1,1700,05/02/2024 22:42,"251 Main St, Portland, OR 83919"
5855,AAA Batteries (4-pack),1,3,05/02/2024 06:41,"459 Main St, Seattle, WA 62184"
5856,AAA Batteries (4-pack),1,3,05/10/2024 21:25,"159 Main St, Atlanta, GA 10924"
5857,Google Phone,1,600,05/13/2024 13:43,"974 Main St, Atlanta, GA 71126"
5858,Google Phone,3,600,05/14/2024 20:32,"780 Main St, Los Angeles, CA 73927"
5859,Google Phone,1,600,05/10/2024 01:46,"279 Main St, Seattle, WA 38822"
5860,USB-C Charging Cable,1,12,05/10/2024 13:17,"332 Main St, New York, NY 36311"
5861,Lightning Charging Cable,1,15,05/21/2024 22:18,"301 Main St, San Francisco, CA 10073"
5862,Bose SoundSport Headphones,1,100,05/17/2024 11:19,"864 Main St, Boston, MA 33177"
5863,AAA Batteries (4-pack),1,3,05/02/2024 08:56,"371 Main St, Seattle, WA 43877"
5864,Google Phone,1,600,05/06/2024 10:09,"162 Main St, Portland, OR 35115"
5865,ThinkPad Laptop,1,1000,05/19/2024 14:19,"339 Main St, Dallas, TX 99828"
5866,Bose SoundSport Headphones,1,100,05/06/2024 11:29,"394 Main St, Atlanta, GA 80993"
5867,Lightning Charging Cable,1,15,05/16/2024 11:26,"753 Main St, Boston, MA 15862"
5868,Macbook Pro Laptop,1,1700,05/22/2024 03:31,"235 Main St, Dallas, TX 19727"
5869,Bose SoundSport Headphones,1,100,05/28/2024 22:06,"858 Main St, Dallas, TX 74065"
5870,Google Phone,2,600,05/28/2024 08:02,"513 Main St, New York, NY 27052"
5871,Wired Headphones,1,12,05/13/2024 17:10,"588 Main St, Los Angeles, CA 63454"
5872,Lightning Charging Cable,1,15,05/17/2024 18:01,"396 Main St, Seattle, WA 16373"
5873,AA Batteries (4-pack),1,4,05/06/2024 01:29,"149 Main St, Austin, TX 84882"
5874,iPhone,1,700,05/02/2024 04:21,"885 Main St, Boston, MA 52797"
5875,Lightning Charging Cable,1,15,05/22/2024 21:32,"109 Main St, Boston, MA 64752"
5876,Wired Headphones,2,12,05/01/2024 04:58,"884 Main St, New York, NY 28331"
5877,Wired Headphones,1,12,05/18/2024 10:38,"573 Main St, Los Angeles, CA 12011"
5878,Wired Headphones,1,12,05/02/2024 06:45,"960 Main St, Austin, TX 78728"
5879,Macbook Pro Laptop,1,1700,05/21/2024 11:56,"662 Main St, Los Angeles, CA 87873"
5880,Bose SoundSport Headphones,2,100,05/27/2024 06:35,"716 Main St, Atlanta, GA 35987"
5881,Lightning Charging Cable,1,15,05/15/2024 14:17,"678 Main St, Austin, TX 54297"
5882,ThinkPad Laptop,1,1000,05/04/2024 06:59,"129 Main St, Seattle, WA 21881"
5883,Bose SoundSport Headphones,1,100,05/15/2024 12:11,"585 Main St, New York, NY 14858"
5884,iPhone,1,700,05/15/2024 00:19,"529 Main St, New York, NY 66857"
5885,Macbook Pro Laptop,1,1700,05/13/2024 16:36,"288 Main St, Dallas, TX 16086"
5886,Bose SoundSport Headphones,1,100,05/11/2024 01:15,"325 Main St, New York, NY 87467"
5887,AA Batteries (4-pack),1,4,05/11/2024 17:25,"253 Main St, Dallas, TX 83791"
5888,Macbook Pro Laptop,1,1700,05/25/2024 02:17,"383 Main St, Austin, TX 36708"
5889,USB-C Charging Cable,1,12,05/02/2024 08:41,"283 Main St, Atlanta, GA 67601"
5890,Google Phone,1,600,05/15/2024 21:25,"385 Main St, Dallas, TX 72992"
5891,ThinkPad Laptop,1,1000,05/24/2024 13:31,"816 Main St, Seattle, WA 95837"
5892,ThinkPad Laptop,3,1000,05/22/2024 10:19,"345 Main St, Atlanta, GA 72645"
5893,iPhone,1,700,05/21/2024 01:01,"417 Main St, New York, NY 96958"
5894,ThinkPad Laptop,1,1000,05/16/2024 00:36,"406 Main St, Seattle, WA 57303"
5895,Wired Headphones,1,12,05/23/2024 20:08,"172 Main St, San Francisco, CA 18206"
5896,Macbook Pro Laptop,2,1700,05/06/2024 12:48,"454 Main St, San Francisco, CA 17937"
5897,ThinkPad Laptop,1,1000,05/14/2024 22:24,"740 Main St, New York, NY 79902"
5898,Lightning Charging Cable,1,15,05/10/2024 03:38,"911 Main St, Seattle, WA 74690"
5899,USB-C Charging Cable,1,12,05/26/2024 10:37,"917 Main St, Los Angeles, CA 69747"
5900,USB-C Charging Cable,1,12,05/06/2024 12:47,"839 Main St, Boston, MA 18525"
5901,AAA Batteries (4-pack),1,3,05/08/2024 02:42,"382 Main St, Dallas, TX 25696"
5902,Google Phone,2,600,05/04/2024 00:18,"625 Main St, Los Angeles, CA 14095"
5903,Google Phone,2,600,05/23/2024 11:26,"520 Main St, Boston, MA 53041"
5904,AA Batteries (4-pack),1,4,05/03/2024 09:15,"581 Main St, Atlanta, GA 94670"
5905,Macbook Pro Laptop,1,1700,05/18/2024 17:11,"603 Main St, New York, NY 34426"
5906,AA Batteries (4-pack),1,4,05/04/2024 18:40,"482 Main St, Austin, TX 54168"
5907,iPhone,2,700,05/17/2024 11:39,"235 Main St, San Francisco, CA 65875"
5908,iPhone,1,700,05/08/2024 06:21,"397 Main St, Los Angeles, CA 90522"
5909,AAA Batteries (4-pack),1,3,05/09/2024 12:58,"782 Main St, Los Angeles, CA 85799"
5910,AA Batteries (4-pack),1,4,05/03/2024 15:10,"229 Main St, Dallas, TX 84643"
5911,AAA Batteries (4-pack),1,3,05/10/2024 20:27,"429 Main St, Dallas, TX 82138"
5912,Lightning Charging Cable,1,15,05/23/2024 07:41,"332 Main St, San Francisco, CA 69811"
5913,USB-C Charging Cable,1,12,05/25/2024 10:02,"292 Main St, Seattle, WA 47594"
5914,USB-C Charging Cable,1,12,05/21/2024 17:29,"809 Main St, Los Angeles, CA 14879"
5915,AA Batteries (4-pack),1,4,05/01/2024 19:30,"748 Main St, Dallas, TX 99319"
5916,Google Phone,1,600,05/25/2024 12:56,"147 Main St, Seattle, WA 52830"
5917,Google Phone,1,600,05/09/2024 21:39,"358 Main St, Atlanta, GA 37635"
5918,Wired Headphones,1,12,05/17/2024 01:20,"436 Main St, Portland, OR 48734"
5919,AAA Batteries (4-pack),1,3,05/07/2024 19:57,"627 Main St, Seattle, WA 56505"
5920,AA Batteries (4-pack),2,4,05/23/2024 21:47,"462 Main St, Dallas, TX 84512"
5921,AAA Batteries (4-pack),1,3,05/03/2024 04:30,"105 Main St, New York, NY 58734"
5922,iPhone,1,700,05/26/2024 13:50,"651 Main St, Los Angeles, CA 69535"
5923,iPhone,1,700,05/13/2024 10:42,"226 Main St, San Francisco, CA 39279"
5924,AAA Batteries (4-pack),1,3,05/16/2024 12:38,"904 Main St, Dallas, TX 37506"
5925,AA Batteries (4-pack),1,4,05/12/2024 09:00,"899 Main St, New York, NY 93554"
5926,AA Batteries (4-pack),1,4,05/28/2024 10:15,"350 Main St, New York, NY 68929"
5927,ThinkPad Laptop,2,1000,05/25/2024 05:57,"301 Main St, Portland, OR 61509"
5928,Wired Headphones,1,12,05/01/2024 08:55,"820 Main St, San Francisco, CA 27151"
5929,USB-C Charging Cable,1,12,05/21/2024 01:10,"827 Main St, Seattle, WA 45446"
5930,Bose SoundSport Headphones,1,100,05/20/2024 00:48,"239 Main St, Austin, TX 32582"
5931,Lightning Charging Cable,1,15,05/21/2024 08:22,"218 Main St, New York, NY 18485"
5932,Macbook Pro Laptop,1,1700,05/03/2024 23:32,"549 Main St, New York, NY 65845"
5933,AAA Batteries (4-pack),1,3,05/07/2024 14:15,"197 Main St, Austin, TX 58611"
5934,AAA Batteries (4-pack),1,3,05/02/2024 01:46,"171 Main St, Seattle, WA 68572"
5935,AA Batteries (4-pack),1,4,05/19/2024 11:47,"918 Main St, Atlanta, GA 16029"
5936,iPhone,1,700,05/07/2024 06:23,"584 Main St, Boston, MA 49961"
5937,AAA Batteries (4-pack),1,3,05/12/2024 06:47,"605 Main St, Atlanta, GA 44999"
5938,AAA Batteries (4-pack),1,3,05/04/2024 09:51,"242 Main St, San Francisco, CA 58308"
5939,AA Batteries (4-pack),1,4,05/15/2024 04:44,"811 Main St, Boston, MA 37984"
5940,Google Phone,1,600,05/09/2024 17:54,"367 Main St, Seattle, WA 46809"
5941,Wired Headphones,2,12,05/06/2024 16:34,"617 Main St, Seattle, WA 88778"
5942,AAA Batteries (4-pack),1,3,05/06/2024 11:21,"952 Main St, Atlanta, GA 84950"
5943,Google Phone,1,600,05/07/2024 15:07,"282 Main St, New York, NY 37864"
5944,iPhone,1,700,05/09/2024 14:38,"399 Main St, Boston, MA 31591"
5945,Lightning Charging Cable,1,15,05/08/2024 03:59,"853 Main St, San Francisco, CA 27310"
5946,iPhone,1,700,05/03/2024 04:03,"275 Main St, Seattle, WA 92007"
5947,USB-C Charging Cable,1,12,05/27/2024 13:20,"280 Main St, Atlanta, GA 66630"
5948,iPhone,1,700,05/12/2024 08:19,"568 Main St, Boston, MA 89434"
5949,Macbook Pro Laptop,1,1700,05/16/2024 01:21,"594 Main St, Atlanta, GA 56774"
5950,ThinkPad Laptop,1,1000,05/16/2024 20:30,"563 Main St, Portland, OR 67033"
5951,iPhone,1,700,05/22/2024 19:21,"400 Main St, New York, NY 79929"
5952,AAA Batteries (4-pack),1,3,05/03/2024 02:20,"811 Main St, Dallas, TX 82905"
5953,Bose SoundSport Headphones,1,100,05/16/2024 12:17,"716 Main St, Atlanta, GA 42850"
5954,AA Batteries (4-pack),1,4,05/28/2024 14:56,"405 Main St, Seattle, WA 92489"
5955,USB-C Charging Cable,1,12,05/04/2024 05:11,"510 Main St, Portland, OR 25752"
5956,Wired Headphones,1,12,05/23/2024 20:06,"172 Main St, Seattle, WA 71446"
5957,AA Batteries (4-pack),1,4,05/28/2024 13:34,"709 Main St, Boston, MA 68531"
5958,USB-C Charging Cable,1,12,05/18/2024 18:59,"874 Main St, Boston, MA 21114"
5959,Wired Headphones,1,12,05/10/2024 02:35,"294 Main St, Seattle, WA 11327"
5960,USB-C Charging Cable,1,12,05/09/2024 17:05,"879 Main St, San Francisco, CA 81283"
5961,Lightning Charging Cable,1,15,05/23/2024 11:05,"718 Main St, Seattle, WA 80434"
5962,Bose SoundSport Headphones,1,100,05/07/2024 06:56,"126 Main St, Atlanta, GA 78693"
5963,Google Phone,1,600,05/20/2024 11:50,"372 Main St, Los Angeles, CA 17298"
5964,AA Batteries (4-pack),1,4,05/22/2024 07:24,"913 Main St, New York, NY 57334"
5965,USB-C Charging Cable,1,12,05/15/2024 22:15,"414 Main St, Dallas, TX 45546"
5966,Macbook Pro Laptop,1,1700,05/04/2024 15:30,"792 Main St, Los Angeles, CA 87423"
5967,USB-C Charging Cable,1,12,05/08/2024 00:09,"469 Main St, San Francisco, CA 76300"
5968,iPhone,1,700,05/16/2024 21:13,"237 Main St, Austin, TX 12387"
5969,AA Batteries (4-pack),1,4,05/23/2024 03:35,"197 Main St, New York, NY 21944"
5970,Macbook Pro Laptop,3,1700,05/10/2024 05:51,"346 Main St, San Francisco, CA 55798"
5971,AA Batteries (4-pack),1,4,05/09/2024 04:23,"440 Main St, Dallas, TX 53419"
5972,Macbook Pro Laptop,1,1700,05/26/2024 21:19,"951 Main St, Boston, MA 62834"
5973,Wired Headphones,2,12,05/08/2024 07:02,"799 Main St, Los Angeles, CA 78781"
5974,Wired Headphones,1,12,05/14/2024 05:08,"243 Main St, New York, NY 76919"
5975,Wired Headphones,1,12,05/20/2024 08:54,"503 Main St, Boston, MA 42689"
5976,Lightning Charging Cable,1,15,05/02/2024 08:10,"749 Main St, Atlanta, GA 56398"
5977,iPhone,2,700,05/23/2024 00:15,"325 Main St, Los Angeles, CA 92924"
5978,Macbook Pro Laptop,1,1700,05/12/2024 18:08,"274 Main St, Boston, MA 84267"
5979,iPhone,1,700,05/15/2024 16:13,"871 Main St, Portland, OR 34199"
5980,Wired Headphones,1,12,05/12/2024 16:45,"909 Main St, New York, NY 74203"
5981,AAA Batteries (4-pack),1,3,05/08/2024 18:53,"684 Main St, Dallas, TX 90276"
5982,iPhone,1,700,05/03/2024 21:57,"576 Main St, New York, NY 58712"
5983,AA Batteries (4-pack),1,4,05/15/2024 11:36,"573 Main St, Los Angeles, CA 82599"
5984,ThinkPad Laptop,1,1000,05/23/2024 17:51,"752 Main St, Austin, TX 45421"
5985,AAA Batteries (4-pack),1,3,05/27/2024 06:12,"409 Main St, Atlanta, GA 81164"
5986,AAA Batteries (4-pack),1,3,05/22/2024 08:01,"372 Main St, Los Angeles, CA 23476"
5987,AAA Batteries (4-pack),1,3,05/03/2024 18:34,"636 Main St, New York, NY 43247"
5988,AA Batteries (4-pack),1,4,05/09/2024 01:02,"117 Main St, Portland, OR 65482"
5989,USB-C Charging Cable,1,12,05/17/2024 19:45,"655 Main St, Boston, MA 59659"
5990,AAA Batteries (4-pack),1,3,05/15/2024 05:07,"575 Main St, Seattle, WA 77806"
5991,USB-C Charging Cable,1,12,05/16/2024 11:52,"987 Main St, San Francisco, CA 36782"
5992,Google Phone,1,600,05/20/2024 08:48,"583 Main St, Los Angeles, CA 83387"
5993,iPhone,1,700,05/10/2024 20:31,"614 Main St, Los Angeles, CA 85757"
5994,Wired Headphones,2,12,05/07/2024 10:24,"821 Main St, Austin, TX 72122"
5995,iPhone,1,700,05/20/2024 14:54,"707 Main St, Dallas, TX 95625"
5996,Bose SoundSport Headphones,2,100,05/22/2024 02:39,"426 Main St, Los Angeles, CA 11880"
5997,Lightning Charging Cable,1,15,05/11/2024 23:45,"533 Main St, Boston, MA 38832"
5998,Lightning Charging Cable,1,15,05/07/2024 08:31,"529 Main St, Boston, MA 48641"
5999,Lightning Charging Cable,1,15,05/10/2024 11:37,"753 Main St, Austin, TX 57943"
